CMTE_ID,CMTE_NM,CMTE_ST1,CMTE_ST2,CMTE_CITY,CMTE_ST,CMTE_ZIP,CAND_ID,CAND_NM,RPT_YR,RPT_TP,TERM_RPT_FLAG,AMNDT_IND,RECEIPT_DT,CVG_START_DT,CVG_END_DT,RPT_PGI,COH_BOP,TTL_RECEIPTS_SUM_PAGE_PER,SUBTTL_SUM_PAGE_PER,TTL_DISB_SUM_PAGE_PER,COH_COP,DEBTS_OWED_TO_CMTE,DEBTS_OWED_BY_CMTE,EXP_SUBJECT_LIMITS,NET_CONTB_SUM_PAGE_PER,NET_OP_EXP_SUM_PAGE_PER,FED_FUNDS_PER,INDV_CONTB_PER,POL_PTY_CMTE_CONTB_PER,OTHER_POL_CMTE_CONTB_PER,CAND_CONTB_PER,TTL_CONTB_PER,TRANF_FROM_AFFILATED_CMTE_PER,LOANS_RECEIVED_FROM_CAND_PER,OTHER_LOANS_RECEIVED_PER,TTL_LOANS_RECEIVED_PER,OFFSETS_TO_OP_EXP_PER,OFFSETS_TO_FNDRSG_EXP_PER,OFFSETS_TO_LEGAL_ACCTG_PER,TTL_OFFSETS_TO_OP_EXP_PER,OTHER_RECEIPTS_PER,TTL_RECEIPTS_PER,OP_EXP_PER,TRANF_TO_OTHER_AUTH_CMTE_PER,FNDRSG_DISB_PER,EXEMPT_LEGAL_ACCTG_DISB_PER,REPYMTS_LOANS_MADE_BY_CAND_PER,REPYMTS_OTHER_LOANS_PER,TTL_LOAN_REPYMTS_MADE_PER,REF_INDV_CONTB_PER,REF_POL_PTY_CMTE_CONTB_PER,REF_OTHER_POL_CMTE_CONTB_PER,TTL_CONTB_REF_PER,OTHER_DISB_PER,TTL_DISB_PER,ITEMS_ON_HAND_LIQUIDATED,TTL_PER,FED_FUNDS_YTD,INDV_CONTB_YTD,POL_PTY_CMTE_CONTB_YTD,OTHER_POL_CMTE_CONTB_YTD,CAND_CONTB_YTD,TTL_CONTB_YTD,TRANF_FROM_AFFILIATED_CMTE_YTD,LOANS_RECEIVED_FROM_CAND_YTD,OTHER_LOANS_RECEIVED_YTD,TTL_LOANS_RECEIVED_YTD,OFFSETS_TO_OP_EXP_YTD,OFFSETS_TO_FNDRSG_EXP_YTD,OFFSETS_TO_LEGAL_ACCTG_YTD,TTL_OFFSETS_TO_OP_EXP_YTD,OTHER_RECEIPTS_YTD,TTL_RECEIPTS_YTD,OP_EXP_YTD,TRANF_TO_OTHER_AUTH_CMTE_YTD,FNDRSG_DISB_YTD,EXEMPT_LEGAL_ACCTG_DISB_YTD,REPYMTS_LOANS_MADE_CAND_YTD,REPYMTS_OTHER_LOANS_YTD,TTL_LOAN_REPYMTS_MADE_YTD,REF_INDV_CONTB_YTD,REF_POL_PTY_CMTE_CONTB_YTD,REF_OTHER_POL_CMTE_CONTB_YTD,TTL_CONTB_REF_YTD,OTHER_DISB_YTD,TTL_DISB_YTD,TTL_YTD,TRES_SIGN_NM,TRES_SIGN_DT,FILE_NUM
C00496067,"FRIENDS OF HERMAN CAIN INC","POST OFFICE BOX 2158","","STOCKBRIDGE","GA","30281","P00003608","CAIN, HERMAN",2012,"Q1",,N,13-APR-12,01-JAN-12,31-MAR-12,,836630.36,62613.44,899243.8,857383.29,41860.51,0,450000,16200278.18,15997438.62,16200278.18,0,37431.27,0,500,0,37931.27,0,0,0,0,24182.17,0,0,24182.17,500,62613.44,555708.29,0,0,0,300000,0,300000,1675,0,0,1675,0,857383.29,0,0,0,16022938.4,8101.4,19332.12,0,16050371.92,0,675000,0,675000,62434.8,0,0,62434.8,500.07,16788306.79,16262712.98,0,0,0,400000,0,400000,51481.9,1451.4,0,52933.3,30800,16746446.28,0,"BLOCK, MARK",13-APR-12,776897
C00496067,"FRIENDS OF HERMAN CAIN INC","PO BOX 2158","","STOCKBRIDGE","GA","30281","P00003608","CAIN, HERMAN",2012,"YE",,N,31-JAN-13,01-OCT-12,31-DEC-12,,18493.78,3499,21992.78,17875.32,4117.46,0,450000,16181639.56,15917937.61,16181639.56,0,613,0,0,0,613,0,0,0,0,796,0,0,796,2090,3499,15225.32,0,0,0,0,0,0,2650,0,0,2650,0,17875.32,0,0,0,16023784.27,8101.4,19332.12,0,16051217.79,0,675000,0,675000,154138.08,0,0,154138.08,34122.07,16914477.94,16335777.64,0,0,0,400000,0,400000,131328.78,1451.4,500,133280.18,30800,16899857.82,0,"BLOCK, MARK J.",31-JAN-13,853157
C00496067,"FRIENDS OF HERMAN CAIN INC","POST OFFICE BOX 2158","","STOCKBRIDGE","GA","30281","P00003608","CAIN, HERMAN",2012,"Q2",,N,13-JUL-12,01-APR-12,30-JUN-12,,41860.51,50495.11,92355.62,67422.08,24933.54,0,450000,16217256.03,15966177.5,16217256.03,0,570.87,0,0,0,570.87,0,0,0,0,18612.24,0,0,18612.24,31312,50495.11,35590.09,0,0,0,0,0,0,31331.99,0,500,31831.99,0,67422.08,0,0,0,16023509.27,8101.4,19332.12,0,16050942.79,0,675000,0,675000,81047.04,0,0,81047.04,31812.07,16838801.9,16298303.07,0,0,0,400000,0,400000,82813.89,1451.4,500,84765.29,30800,16813868.36,0,"BLOCK, MARK",13-JUL-12,796750
C00496067,"FRIENDS OF HERMAN CAIN INC","POST OFFICE BOX 2158","","STOCKBRIDGE","GA","30281","P00003608","CAIN, HERMAN",2012,"Q3",,N,15-OCT-12,01-JUL-12,30-SEP-12,,24933.54,75676.04,100609.58,82115.8,18493.78,0,450000,16177765.9,15917937.61,16177765.9,0,275,0,0,0,275,0,0,0,0,73091.04,0,0,73091.04,2310,75676.04,33600.91,0,0,0,0,0,0,48514.89,0,0,48514.89,0,82115.8,0,0,0,16023784.27,8101.4,19332.12,0,16051217.79,0,675000,0,675000,154138.08,0,0,154138.08,34122.07,16914477.94,16331903.98,0,0,0,400000,0,400000,131328.78,1451.4,500,133280.18,30800,16895984.16,0,"BLOCK, MARK",15-OCT-12,818030
C00496067,"FRIENDS OF HERMAN CAIN INC","POST OFFICE BOX 2158","","STOCKBRIDGE","GA","30281","P00003608","CAIN, HERMAN",2011,"Q2",,A,15-JUL-11,27-DEC-10,30-JUN-11,,0,2567499.87,2567499.87,2079910.83,487589.04,0,500000,2073576.03,2061165,2073576.03,0,2058815,1451.4,2600,0,2062866.4,0,500000,0,500000,4633.4,0,0,4633.4,.07,2567499.87,2078209.43,0,0,0,0,0,0,250,1451.4,0,1701.4,0,2079910.83,0,0,0,2058815,1451.4,2600,0,2062866.4,0,500000,0,500000,4633.4,0,0,4633.4,.07,2567499.87,2078209.43,0,0,0,0,0,0,250,1451.4,0,1701.4,0,2079910.83,0,"BLOCK, MARK",21-DEC-11,755790
C00496067,"FRIENDS OF HERMAN CAIN INC","POST OFFICE BOX 2158","","STOCKBRIDGE","GA","30281","P00003608","CAIN, HERMAN",2011,"Q3",,A,15-OCT-11,01-JUL-11,30-SEP-11,,487589.04,2827000.72,3314589.76,1980711.2,1333878.56,0,675000,4007188.27,4666066.76,4007188.27,0,2617795.64,4150,2982.12,0,2624927.76,0,175000,0,175000,27072.96,0,0,27072.96,0,2827000.72,1960685.2,0,0,0,0,0,0,20026,0,0,20026,0,1980711.2,0,0,0,4676610.64,5601.4,5582.12,0,4687794.16,0,675000,0,675000,31706.36,0,0,31706.36,.07,5394500.59,4038894.63,0,0,0,0,0,0,20276,1451.4,0,21727.4,0,4060622.03,0,"BLOCK, MARK",12-APR-12,776872
C00496067,"FRIENDS OF HERMAN CAIN INC","POST OFFICE BOX 2158","","STOCKBRIDGE","GA","30281","P00003608","CAIN, HERMAN",2011,"YE",,A,31-JAN-12,01-OCT-11,31-DEC-11,,1333878.56,11331192.76,12665071.32,11828440.96,836630.36,0,680700,15668752.06,15961182.35,15668752.06,0,11308896.49,2500,13250,0,11324646.49,0,0,0,0,6546.27,0,0,6546.27,0,11331192.76,11668110.06,0,0,0,100000,0,100000,29530.9,0,0,29530.9,30800,11828440.96,0,0,0,15985507.13,8101.4,18832.12,0,16012440.65,0,675000,0,675000,38252.63,0,0,38252.63,.07,16725693.35,15707004.69,0,0,0,100000,0,100000,49806.9,1451.4,0,51258.3,30800,15889062.99,0,"BLOCK, MARK",12-APR-12,776884
C00493692,"BUDDY ROEMER FOR PRESIDENT INC.","502 MONROE ST","","NEWPORT","KY","41071","P20002523","ROEMER, CHARLES E. 'BUDDY' III",2012,"M12",,N,04-DEC-12,01-NOV-12,30-NOV-12,,48965.3,0,48965.3,3767.75,45197.55,0,0,697200.21,370436.66,697200.21,0,0,0,0,0,0,0,0,0,0,0,0,0,0,0,0,3767.75,0,0,0,0,0,0,0,0,0,0,0,3767.75,0,3767.75,351961.1,374936.9,0,0,25100,400036.9,0,24900,0,24900,4002.91,0,0,4002.91,0,780900.91,701203.12,0,0,0,4900,0,4900,4600.24,0,25000,29600.24,0,735703.36,788273.23,"MELVILLE, TAUNTON",04-DEC-12,836727
C00493692,"BUDDY ROEMER FOR PRESIDENT INC.","502 MONROE ST","","NEWPORT","KY","41071","P20002523","ROEMER, CHARLES E. 'BUDDY' III",2012,"M10",,N,05-OCT-12,01-SEP-12,30-SEP-12,,52947.18,0,52947.18,1125,51822.18,0,0,689763.46,369624.54,689763.46,0,0,0,0,0,0,0,0,0,0,0,0,0,0,0,0,1125,0,0,0,0,0,0,0,0,0,0,0,1125,0,1125,351961.1,374936.9,0,0,25100,400036.9,0,24900,0,24900,4002.91,0,0,4002.91,0,780900.91,693766.37,0,0,0,4900,0,4900,5412.36,0,25000,30412.36,0,729078.73,775741.48,"MELVILLE, TAUNTON",04-OCT-12,813367
C00493692,"BUDDY ROEMER FOR PRESIDENT INC.","502 MONROE ST","","NEWPORT","KY","41071","P20002523","ROEMER, CHARLES E. 'BUDDY' III",2012,"M8",,N,20-AUG-12,01-JUL-12,31-JUL-12,,33619.78,66630.99,100250.77,26495.19,73755.58,0,0,667830.06,369624.54,667830.06,66490.99,0,0,0,0,0,0,0,0,0,140,0,0,140,0,66630.99,26495.19,0,0,0,0,0,0,0,0,0,0,0,26495.19,0,26495.19,351961.1,374936.9,0,0,25100,400036.9,0,24900,0,24900,3996.91,0,0,3996.91,0,780894.91,671826.97,0,0,0,4900,0,4900,5412.36,0,25000,30412.36,0,707139.33,753904.52,"MELVILLE, TAUNTON",20-AUG-12,806280
C00493692,"BUDDY ROEMER FOR PRESIDENT INC.","502 MONROE ST","","NEWPORT","KY","41071","P20002523","ROEMER, CHARLES E. 'BUDDY' III",2012,"M7",,N,18-JUL-12,01-JUN-12,30-JUN-12,,38184.1,245,38429.1,4809.32,33619.78,0,0,641474.87,369624.54,641474.87,0,245,0,0,0,245,0,0,0,0,0,0,0,0,0,245,4179.32,0,0,0,0,0,0,630,0,0,630,0,4809.32,0,4179.32,285470.11,374936.9,0,0,25100,400036.9,0,24900,0,24900,3856.91,0,0,3856.91,0,714263.92,645331.78,0,0,0,4900,0,4900,5412.36,0,25000,30412.36,0,680644.14,727409.33,"MELVILLE, TAUNTON",17-JUL-12,799213
C00493692,"BUDDY ROEMER FOR PRESIDENT INC.","66 HANOVER STREET, 200C","","MANCHESTER","NH","03101","P20002523","ROEMER, CHARLES E. 'BUDDY' III",2011,"Q3",,A,14-OCT-11,01-JUL-11,30-SEP-11,,19058.45,137521.03,156579.48,110468.41,46111.07,0,20000,185420.67,211531.74,185420.67,0,126521.74,0,0,0,126521.74,0,10000,0,10000,999.29,0,0,999.29,0,137521.03,109843.41,0,0,0,0,0,0,625,0,0,625,0,110468.41,0,0,0,187081.74,0,0,25100,212181.74,0,20000,0,20000,999.29,0,0,999.29,0,233181.03,186419.96,0,0,0,0,0,0,650,0,0,650,0,187069.96,0,"MELVILLE, TAUNTON",17-OCT-11,749386
C00493692,"BUDDY ROEMER FOR PRESIDENT INC.","PO BOX 84877","","BATON ROUGE","LA","70884","P20002523","ROEMER, CHARLES E. 'BUDDY' III",2011,"YE",,A,31-JAN-12,01-OCT-11,31-DEC-11,,46111.07,111851.26,157962.33,148486.02,9476.31,0,4900,331842.49,316418.8,331842.49,0,106359.06,0,0,0,106359.06,0,4900,0,4900,592.2,0,0,592.2,0,111851.26,147014.02,0,0,0,0,0,0,1472,0,0,1472,0,148486.02,0,146421.82,0,293440.8,0,0,25100,318540.8,0,24900,0,24900,1591.49,0,0,1591.49,0,345032.29,333433.98,0,0,0,0,0,0,2122,0,0,2122,0,335555.98,331842.49,"MELVILLE, TAUNTON",24-FEB-12,767651
C00493692,"BUDDY ROEMER FOR PRESIDENT INC.","8400 JEFFERSON HIGHWAY 4TH FLOOR","","BATON ROUGE","LA","70809","P20002523","ROEMER, CHARLES E. 'BUDDY' III",2011,"Q1",,N,15-APR-11,01-JAN-11,31-MAR-11,,0,54990,54990,2150.78,52839.22,0,0,2150.78,54990,2150.78,0,29890,0,0,25100,54990,0,0,0,0,0,0,0,0,0,54990,2150.78,0,0,0,0,0,0,0,0,0,0,0,2150.78,0,0,0,29890,0,0,25100,54990,0,0,0,0,0,0,0,0,0,54990,2150.78,0,0,0,0,0,0,0,0,0,0,0,2150.78,0,"MELVILLE, TAUNTON",14-APR-11,723511
C00493692,"BUDDY ROEMER FOR PRESIDENT INC.","PO BOX 84877","","BATON ROUGE","LA","70884","P20002523","ROEMER, CHARLES E. 'BUDDY' III",2012,"M3",,A,20-MAR-12,01-FEB-12,29-FEB-12,,7126.07,116662.29,123788.36,82887.72,40900.64,0,4900,464126.14,380126.78,464126.14,100000,16623.12,0,0,0,16623.12,0,0,0,0,39.17,0,0,39.17,0,116662.29,82057.6,0,0,0,0,0,0,830.12,0,0,830.12,0,82887.72,0,82057.6,100000,358468.9,0,0,25100,383568.9,0,24900,0,24900,2032.86,0,0,2032.86,0,510501.76,466159,0,0,0,0,0,0,3442.12,0,0,3442.12,0,469601.12,548216.6,"MELVILLE, TAUNTON",27-MAR-12,772428
C00493692,"BUDDY ROEMER FOR PRESIDENT INC.","PO BOX 84877","","BATON ROUGE","LA","70884","P20002523","ROEMER, CHARLES E. 'BUDDY' III",2012,"M5",,N,19-MAY-12,01-APR-12,30-APR-12,,197562.2,3516.07,201078.27,86583.08,114495.19,0,0,558732.46,367757.54,558732.46,0,3496.12,0,0,0,3496.12,0,0,0,0,19.95,0,0,19.95,0,3516.07,56433.08,0,0,0,4900,0,4900,250,0,25000,25250,0,86583.08,0,56453.03,285470.11,371889.9,0,0,25100,396989.9,0,24900,0,24900,3856.91,0,0,3856.91,0,711216.92,562589.37,0,0,0,4900,0,4900,4232.36,0,25000,29232.36,0,596721.73,644666.92,"MELVILLE, TAUNTON",14-MAY-12,785459
C00493692,"BUDDY ROEMER FOR PRESIDENT INC.","PO BOX 84877","","BATON ROUGE","LA","70884","P20002523","ROEMER, CHARLES E. 'BUDDY' III",2012,"M6",,N,20-JUN-12,01-MAY-12,31-MAY-12,,114495.19,2802,117297.19,79113.09,38184.1,0,0,637295.55,370009.54,637295.55,0,2802,0,0,0,2802,0,0,0,0,0,0,0,0,0,2802,78563.09,0,0,0,0,0,0,550,0,0,550,0,79113.09,0,78563.09,285470.11,374691.9,0,0,25100,399791.9,0,24900,0,24900,3856.91,0,0,3856.91,0,714018.92,641152.46,0,0,0,4900,0,4900,4782.36,0,25000,29782.36,0,675834.82,723230.01,"MELVILLE, TAUNTON",20-JUN-12,791764
C00493692,"BUDDY ROEMER FOR PRESIDENT INC.","502 MONROE ST","","NEWPORT","KY","41071","P20002523","ROEMER, CHARLES E. 'BUDDY' III",2012,"M9",,N,20-SEP-12,01-AUG-12,31-AUG-12,,73755.58,6,73761.58,20814.4,52947.18,0,0,688638.46,369624.54,688638.46,0,0,0,0,0,0,0,0,0,0,6,0,0,6,0,6,20814.4,0,0,0,0,0,0,0,0,0,0,0,20814.4,0,20814.4,351961.1,374936.9,0,0,25100,400036.9,0,24900,0,24900,4002.91,0,0,4002.91,0,780900.91,692641.37,0,0,0,4900,0,4900,5412.36,0,25000,30412.36,0,727953.73,774718.92,"MELVILLE, TAUNTON",19-SEP-12,810783
C00493692,"BUDDY ROEMER FOR PRESIDENT INC.","PO BOX 84877","","BATON ROUGE","LA","70884","P20002523","ROEMER, CHARLES E. 'BUDDY' III",2012,"M4",,A,20-APR-12,01-MAR-12,31-MAR-12,,40900.64,197199.09,238099.73,40537.53,197562.2,0,4900,502319.33,389511.42,502319.33,185470.11,9924.88,0,0,0,9924.88,0,0,0,0,1804.1,0,0,1804.1,0,197199.09,39997.29,0,0,0,0,0,0,540.24,0,0,540.24,0,40537.53,0,39997.29,285470.11,368393.78,0,0,25100,393493.78,0,24900,0,24900,3836.96,0,0,3836.96,0,707700.85,506156.29,0,0,0,0,0,0,3982.36,0,0,3982.36,0,510138.65,588213.89,"MELVILLE, TAUNTON",11-MAY-12,783792
C00493692,"BUDDY ROEMER FOR PRESIDENT INC.","PO BOX 84877","","BATON ROUGE","LA","70884","P20002523","ROEMER, CHARLES E. 'BUDDY' III",2012,"M2",,N,20-FEB-12,01-JAN-12,31-JAN-12,,9476.31,48807.18,58283.49,51157.42,7126.07,0,4900,382107.71,364333.78,382107.71,0,48404.98,0,0,0,48404.98,0,0,0,0,402.2,0,0,402.2,0,48807.18,50667.42,0,0,0,0,0,0,490,0,0,490,0,51157.42,0,50667.42,0,341845.78,0,0,25100,366945.78,0,24900,0,24900,1993.69,0,0,1993.69,0,393839.47,384101.4,0,0,0,0,0,0,2612,0,0,2612,0,386713.4,384101.4,"MELVILLE, TAUNTON",07-FEB-12,766964
C00493692,"BUDDY ROEMER FOR PRESIDENT INC.","502 MONROE ST","","NEWPORT","KY","41071","P20002523","ROEMER, CHARLES E. 'BUDDY' III",2012,"YE",,N,31-JAN-13,01-DEC-12,31-DEC-12,,45197.55,0,45197.55,3750,41447.55,0,0,700950.21,370436.66,700950.21,0,0,0,0,0,0,0,0,0,0,0,0,0,0,0,0,3750,0,0,0,0,0,0,0,0,0,0,0,3750,0,3750,351961.1,374936.9,0,0,25100,400036.9,0,24900,0,24900,4002.91,0,0,4002.91,0,780900.91,704953.12,0,0,0,4900,0,4900,4600.24,0,25000,29600.24,0,739453.36,792023.23,"MELVILLE, TAUNTON",29-JAN-13,852538
C00493692,"BUDDY ROEMER FOR PRESIDENT INC.","8440 JEFFERSON HIGHWAY STE 404","","BATON ROUGE","LA","70809","P20002523","ROEMER, CHARLES E. 'BUDDY' III",2011,"Q2",,N,15-JUL-11,01-APR-11,30-JUN-11,,52839.22,40670,93509.22,74450.77,19058.45,0,10000,76576.55,85635,76576.55,0,30670,0,0,0,30670,0,10000,0,10000,0,0,0,0,0,40670,74425.77,0,0,0,0,0,0,25,0,0,25,0,74450.77,0,0,0,60560,0,0,25100,85660,0,10000,0,10000,0,0,0,0,0,95660,76576.55,0,0,0,0,0,0,25,0,0,25,0,76601.55,0,"MELVILLE, TAUNTON",15-JUL-11,736468
C00493692,"BUDDY ROEMER FOR PRESIDENT INC.","502 MONROE ST","","NEWPORT","KY","41071","P20002523","ROEMER, CHARLES E. 'BUDDY' III",2012,"M11",,N,09-NOV-12,01-OCT-12,31-OCT-12,,51822.18,0,51822.18,2856.88,48965.3,0,0,693432.46,370436.66,693432.46,0,0,0,0,0,0,0,0,0,0,0,0,0,0,0,0,3669,0,0,0,0,0,0,-812.12,0,0,-812.12,0,2856.88,0,8764,351961.1,374936.9,0,0,25100,400036.9,0,24900,0,24900,4002.91,0,0,4002.91,0,780900.91,697435.37,0,0,0,4900,0,4900,4600.24,0,25000,29600.24,0,731935.61,784505.48,"MELVILLE, TAUNTON",08-NOV-12,833684
C00494393,"PAWLENTY FOR PRESIDENT","6901 AUTO CLUB ROAD","","BLOOMINGTON","MN","55438","P20002556","PAWLENTY, TIMOTHY",2011,"Q3",,A,14-OCT-11,01-JUL-11,30-SEP-11,P2012,2001090.1,994670.77,2995760.87,2975588.07,20172.8,0,435542.53,0,4658703.61,4680361.31,0,856063.32,0,73250,0,929313.32,0,0,0,0,23657.81,0,0,23657.81,41699.64,994670.77,2231537.79,0,0,0,0,0,0,736050.28,0,8000,744050.28,0,2975588.07,0,0,0,5281901.74,0,132816.15,0,5414717.89,0,0,0,0,33781.68,0,0,33781.68,41932.1,5490431.67,4714142.99,0,0,0,0,0,0,748014.28,0,8000,756014.28,101.6,5470258.87,0,"KENNEDY, MARK",31-JAN-12,762239
C00494393,"PAWLENTY FOR PRESIDENT","6901 AUTO CLUB ROAD","","BLOOMINGTON","MN","55438","P20002556","PAWLENTY, TIMOTHY",2011,"YE",,N,31-JAN-12,01-OCT-11,31-DEC-11,P2012,20172.8,400013.24,420186.04,373918.16,46267.88,0,102911.47,0,4983253.61,5032255.76,0,333500,0,4500,0,338000,0,0,0,0,8573.71,0,0,8573.71,53439.53,400013.24,360468.16,0,0,0,0,0,0,13450,0,0,13450,0,373918.16,0,0,0,5615401.74,0,137316.15,0,5752717.89,0,0,0,0,42355.39,0,0,42355.39,95371.63,5890444.91,5074611.15,0,0,0,0,0,0,761464.28,0,8000,769464.28,101.6,5844177.03,0,"KENNEDY, MARK",31-JAN-12,762321
C00494393,"PAWLENTY FOR PRESIDENT","ONE FINANCIAL PLAZA","120 SOUTH SIXTH STREET 9TH FLOOR","MINNEAPOLIS","MN","55402","P20002556","PAWLENTY, TIMOTHY",2011,"Q1",,N,15-APR-11,01-JAN-11,31-MAR-11,P2012,0,160065.91,160065.91,43419.4,116646.51,0,0,0,160065.91,43419.4,0,159997.75,0,68.16,0,160065.91,0,0,0,0,0,0,0,0,0,160065.91,43419.4,0,0,0,0,0,0,0,0,0,0,0,43419.4,0,0,0,159997.75,0,68.16,0,160065.91,0,0,0,0,0,0,0,0,0,160065.91,43419.4,0,0,0,0,0,0,0,0,0,0,0,43419.4,0,"KENNEDY, MARK",15-APR-11,723604
C00494393,"PAWLENTY FOR PRESIDENT","6901 AUTO CLUB ROAD","","BLOOMINGTON","MN","55438","P20002556","PAWLENTY, TIMOTHY",2012,"M3",,N,20-MAR-12,01-FEB-12,29-FEB-12,2012,21173.77,16142.39,37316.16,31501.37,5814.79,0,17500,0,5030563.67,5129159.28,0,11120.15,0,0,0,11120.15,0,0,0,0,62.99,0,0,62.99,4959.25,16142.39,31501.37,0,0,0,0,0,0,0,0,0,0,0,31501.37,0,0,0,5662711.8,0,137316.15,0,5800027.95,0,0,0,0,42418.38,0,0,42418.38,104512,5946958.33,5171577.66,0,0,0,0,0,0,761464.28,0,8000,769464.28,101.6,5941143.54,0,"KENNEDY, MARK",20-MAR-12,771440
C00494393,"PAWLENTY FOR PRESIDENT","6901 AUTO CLUB ROAD","","BLOOMINGTON","MN","55438","P20002556","PAWLENTY, TIMOTHY",2011,"Q2",,A,15-JUL-11,01-APR-11,30-JUN-11,P2012,116646.51,4335694.99,4452341.5,2451251.4,2001090.1,0,1915.06,0,4473440.57,2472481.33,0,4265840.67,0,59497.99,0,4325338.66,0,0,0,0,10123.87,0,0,10123.87,232.46,4335694.99,2439185.8,0,0,0,0,0,0,11964,0,0,11964,101.6,2451251.4,0,0,0,4425838.42,0,59566.15,0,4485404.57,0,0,0,0,10123.87,0,0,10123.87,232.46,4495760.9,2482605.2,0,0,0,0,0,0,11964,0,0,11964,101.6,2494670.8,0,"KENNEDY, MARK",14-OCT-11,748365
C00494393,"PAWLENTY FOR PRESIDENT","6901 AUTO CLUB ROAD","","BLOOMINGTON","MN","55438","P20002556","PAWLENTY, TIMOTHY",2012,"TER",,T,10-APR-12,01-MAR-12,31-MAR-12,P2012,5814.79,18543.83,24358.62,24358.62,0,0,0,0,5045263.67,5151015.9,0,12700,0,4500,0,17200,0,0,0,0,2,0,0,2,1341.83,18543.83,21858.62,0,0,0,0,0,0,2500,0,0,2500,0,24358.62,0,0,0,5675411.8,0,141816.15,0,5817227.95,0,0,0,0,42420.38,0,0,42420.38,105853.83,5965502.16,5193436.28,0,0,0,0,0,0,763964.28,0,8000,771964.28,101.6,5965502.16,0,"KENNEDY, MARK",10-APR-12,774189
C00494393,"PAWLENTY FOR PRESIDENT","6901 AUTO CLUB ROAD","","BLOOMINGTON","MN","55438","P20002556","PAWLENTY, TIMOTHY",2012,"M2",,N,20-FEB-12,01-JAN-12,31-JAN-12,P2012,46267.88,40371.03,86638.91,65465.14,21173.77,0,44670.84,0,5019443.52,5097720.9,0,36189.91,0,0,0,36189.91,0,0,0,0,0,0,0,0,4181.12,40371.03,65465.14,0,0,0,0,0,0,0,0,0,0,0,65465.14,0,0,0,5651591.65,0,137316.15,0,5788907.8,0,0,0,0,42355.39,0,0,42355.39,99552.75,5930815.94,5140076.29,0,0,0,0,0,0,761464.28,0,8000,769464.28,101.6,5909642.17,0,"KENNEDY, MARK",20-FEB-12,766913
C00495622,"GARY JOHNSON 2012 INC","280 SOUTH 400 WEST","STE 220","SALT LAKE CITY","UT","84101","P20002671","JOHNSON, GARY EARL",2012,"30G",,A,06-DEC-12,18-OCT-12,26-NOV-12,G2012,35703.88,257403.17,293107.05,290163.62,2943.43,0,863361.81,2477596,2219996.49,2386598.94,6641.3,242761.87,0,0,8000,250761.87,0,0,0,0,0,0,0,0,0,257403.17,290163.62,0,0,0,0,0,0,0,0,0,0,0,290163.62,0,0,342406.5,2211996.49,0,0,8000,2219996.49,0,0,0,0,0,0,0,0,0,2562402.99,2386598.94,37819.33,90997.06,903.25,0,0,0,0,0,0,0,0,2516318.58,0,"GOODWIN, CHET S.",25-FEB-13,858315
C00495622,"GARY JOHNSON 2012 INC","280 SOUTH 400 WEST","STE 220","SALT LAKE CITY","UT","84101","P20002671","JOHNSON, GARY EARL",2012,"YE",,A,31-JAN-13,27-NOV-12,31-DEC-12,,2943.43,212537.15,215480.58,171547.64,43932.94,0,1134603.72,236339.58,25521.03,236339.58,202025.78,10511.37,0,0,0,10511.37,0,0,0,0,0,0,0,0,0,212537.15,171547.64,0,0,0,0,0,0,0,0,0,0,0,171547.64,0,0,208667.08,25521.03,0,0,0,25521.03,0,0,0,0,0,0,0,0,0,234188.11,236339.58,0,0,0,0,0,0,0,0,0,0,0,236339.58,0,"GOODWIN, CHET S.",25-FEB-13,858316
C00495622,"GARY JOHNSON 2012 INC","280 SOUTH 400 WEST","STE 220","SALT LAKE CITY","UT","84101","P20002671","JOHNSON, GARY EARL",2012,"M7",,A,20-JUL-12,01-JUN-12,30-JUN-12,,731.63,124104.64,124836.27,119617.43,5218.84,0,1045874.52,1106071.07,1020012.49,1074521.07,30000,94104.64,0,0,0,94104.64,0,0,0,0,0,0,0,0,0,124104.64,119617.43,0,0,0,0,0,0,0,0,0,0,0,119617.43,0,0,130000,1020012.49,0,0,0,1020012.49,0,0,0,0,0,0,0,0,0,1150012.49,1074521.07,37819.33,31550,903.25,0,0,0,0,0,0,0,0,1144793.65,0,"GOODWIN, CHET S.",25-FEB-13,858310
C00495622,"GARY JOHNSON 2012 INC","280 SOUTH 400 WEST","STE 220","SALT LAKE CITY","UT","84101","P20002671","JOHNSON, GARY EARL",2012,"M5",,A,20-MAY-12,01-APR-12,30-APR-12,,9953.26,59447.89,69401.15,59533.58,9867.57,0,1209758.87,758683.04,807273.19,727133.04,0,59447.89,0,0,0,59447.89,0,0,0,0,0,0,0,0,0,59447.89,59533.58,0,0,0,0,0,0,0,0,0,0,0,59533.58,0,0,0,807273.19,0,0,0,807273.19,0,0,0,0,0,0,0,0,0,807273.19,727133.04,37819.33,31550,903.25,0,0,0,0,0,0,0,0,797405.62,0,"GOODWIN, CHET S.",25-FEB-13,858307
C00495622,"GARY JOHNSON 2012 INC","280 SOUTH 400 WEST","STE 220","SALT LAKE CITY","UT","84101","P20002671","JOHNSON, GARY EARL",2012,"M10",,A,18-OCT-12,01-SEP-12,30-SEP-12,,52341.83,274785.96,327127.79,297954.41,29173.38,0,977608.58,2054944.92,1780434.38,1965947.86,0,274785.96,0,0,0,274785.96,0,0,0,0,0,0,0,0,0,274785.96,293954.41,0,4000,0,0,0,0,0,0,0,0,0,297954.41,0,0,342406.5,1780434.38,0,0,0,1780434.38,0,0,0,0,0,0,0,0,0,2122840.88,1965947.86,37819.33,88997.06,903.25,0,0,0,0,0,0,0,0,2093667.5,0,"GOODWIN, CHET S CPA",25-FEB-13,858313
C00495622,"GARY JOHNSON 2012 INC","280 SOUTH 400 WEST","STE 220","SALT LAKE CITY","UT","84101","P20002671","JOHNSON, GARY EARL",2012,"M2",,A,28-FEB-12,01-JAN-12,31-JAN-12,,18012.95,65592.04,83604.99,73103.46,10501.53,0,901219.95,594492.88,643716.99,562942.88,0,65592.04,0,0,0,65592.04,0,0,0,0,0,0,0,0,0,65592.04,73103.46,0,0,0,0,0,0,0,0,0,0,0,73103.46,0,0,0,643716.99,0,0,0,643716.99,0,0,0,0,0,0,0,0,0,643716.99,562942.88,37819.33,31550,903.25,0,0,0,0,0,0,0,0,633215.46,0,"GOODWIN, CHET S.",25-FEB-13,858304
C00495622,"GARY JOHNSON 2012 INC","280 SOUTH 400 WEST","STE 220","SALT LAKE CITY","UT","84101","P20002671","JOHNSON, GARY EARL",2011,"Q2",,A,14-JUL-11,01-APR-11,30-JUN-11,,0,180236.8,180236.8,174230.25,6006.55,0,403644.48,136410.92,180236.8,136410.92,0,180236.8,0,0,0,180236.8,0,0,0,0,0,0,0,0,0,180236.8,136410.92,37819.33,0,0,0,0,0,0,0,0,0,0,174230.25,0,0,0,180236.8,0,0,0,180236.8,0,0,0,0,0,0,0,0,0,180236.8,136410.92,37819.33,0,0,0,0,0,0,0,0,0,0,174230.25,0,"GOODWIN, CHET S.",25-FEB-13,858308
C00495622,"GARY JOHNSON 2012 INC","280 SOUTH 400 WEST","STE 220","SALT LAKE CITY","UT","84101","P20002671","JOHNSON, GARY EARL",2012,"M4",,A,20-APR-12,01-MAR-12,31-MAR-12,,11463.38,62228.71,73692.09,63738.83,9953.26,0,1048651.16,699149.46,747825.3,667599.46,0,62228.71,0,0,0,62228.71,0,0,0,0,0,0,0,0,0,62228.71,63738.83,0,0,0,0,0,0,0,0,0,0,0,63738.83,0,0,0,747825.3,0,0,0,747825.3,0,0,0,0,0,0,0,0,0,747825.3,667599.46,37819.33,31550,903.25,0,0,0,0,0,0,0,0,737872.04,0,"GOODWIN, CHET S.",25-FEB-13,858306
C00495622,"GARY JOHNSON 2012 INC","280 SOUTH 400 WEST","STE 220","SALT LAKE CITY","UT","84101","P20002671","JOHNSON, GARY EARL",2012,"M3",,A,20-MAR-12,01-FEB-12,29-FEB-12,,10501.53,41879.6,52381.13,40917.75,11463.38,0,984535.26,635410.63,685596.59,603860.63,0,41879.6,0,0,0,41879.6,0,0,0,0,0,0,0,0,0,41879.6,40917.75,0,0,0,0,0,0,0,0,0,0,0,40917.75,0,0,0,685596.59,0,0,0,685596.59,0,0,0,0,0,0,0,0,0,685596.59,603860.63,37819.33,31550,903.25,0,0,0,0,0,0,0,0,674133.21,0,"GOODWIN, CHET S.",25-FEB-13,858305
C00495622,"GARY JOHNSON 2012 INC","280 SOUTH 400 WEST","STE 220","SALT LAKE CITY","UT","84101","P20002671","JOHNSON, GARY EARL",2012,"M8",,A,20-AUG-12,01-JUL-12,31-JUL-12,,5218.84,341636.1,346854.94,332589.99,14264.95,0,916366.42,1438661.06,1222934.38,1404611.06,138714.21,202921.89,0,0,0,202921.89,0,0,0,0,0,0,0,0,0,341636.1,330089.99,0,2500,0,0,0,0,0,0,0,0,0,332589.99,0,0,268714.21,1222934.38,0,0,0,1222934.38,0,0,0,0,0,0,0,0,0,1491648.59,1404611.06,37819.33,34050,903.25,0,0,0,0,0,0,0,0,1477383.64,0,"GOODWIN, CHET S.",25-FEB-13,858311
C00495622,"GARY JOHNSON 2012 INC","280 SOUTH 400 WEST","STE 220","SALT LAKE CITY","UT","84101","P20002671","JOHNSON, GARY EARL",2011,"YE",,A,30-JAN-12,01-OCT-11,31-DEC-11,,10882.33,161694.38,172576.71,154563.76,18012.95,0,828738.32,521389.42,578124.95,489839.42,0,161694.38,0,0,0,161694.38,0,0,0,0,0,0,0,0,0,161694.38,147063.76,0,7000,500,0,0,0,0,0,0,0,0,154563.76,0,0,0,578124.95,0,0,0,578124.95,0,0,0,0,0,0,0,0,0,578124.95,489839.42,37819.33,31550,903.25,0,0,0,0,0,0,0,0,560112,0,"GOODWIN, CHET S.",25-FEB-13,858303
C00495622,"GARY JOHNSON 2012 INC","280 SOUTH 400 WEST","STE 220","SALT LAKE CITY","UT","84101","P20002671","JOHNSON, GARY EARL",2011,"Q3",,A,14-OCT-11,01-JUL-11,30-SEP-11,,6006.55,236193.77,242200.32,231317.99,10882.33,0,610741.78,367325.66,416430.57,342775.66,0,236193.77,0,0,0,236193.77,0,0,0,0,0,0,0,0,0,236193.77,206364.74,0,24550,403.25,0,0,0,0,0,0,0,0,231317.99,0,0,0,416430.57,0,0,0,416430.57,0,0,0,0,0,0,0,0,0,416430.57,342775.66,37819.33,24550,403.25,0,0,0,0,0,0,0,0,405548.24,0,"GOODWIN, CHET S.",25-FEB-13,858302
C00495622,"GARY JOHNSON 2012 INC","280 SOUTH 400 WEST","STE 220","SALT LAKE CITY","UT","84101","P20002671","JOHNSON, GARY EARL",2012,"M9",,A,20-SEP-12,01-AUG-12,31-AUG-12,,14264.95,356406.33,370671.28,318329.45,52341.83,0,901699.39,1756990.51,1505648.42,1671993.45,73692.29,282714.04,0,0,0,282714.04,0,0,0,0,0,0,0,0,0,356406.33,267382.39,0,50947.06,0,0,0,0,0,0,0,0,0,318329.45,0,0,342406.5,1505648.42,0,0,0,1505648.42,0,0,0,0,0,0,0,0,0,1848054.92,1671993.45,37819.33,84997.06,903.25,0,0,0,0,0,0,0,0,1795713.09,0,"GOODWIN, CHET S CPA",25-FEB-13,858312
C00495622,"GARY JOHNSON 2012 INC","280 SOUTH 400 WEST","STE 220","SALT LAKE CITY","UT","84101","P20002671","JOHNSON, GARY EARL",2012,"12G",,A,25-OCT-12,01-OCT-12,17-OCT-12,G2012,29173.38,203809.9,232983.28,197279.4,35703.88,0,791536.38,2252224.32,1984244.28,2161227.26,0,203809.9,0,0,0,203809.9,0,0,0,0,0,0,0,0,0,203809.9,195279.4,0,2000,0,0,0,0,0,0,0,0,0,197279.4,0,0,342406.5,1984244.28,0,0,0,1984244.28,0,0,0,0,0,0,0,0,0,2326650.78,2161227.26,37819.33,90997.06,903.25,0,0,0,0,0,0,0,0,2290946.9,0,"GOODWIN, CHET S.",25-FEB-13,858314
C00495622,"GARY JOHNSON 2012 INC","280 SOUTH 400 WEST","STE 220","SALT LAKE CITY","UT","84101","P20002671","JOHNSON, GARY EARL",2012,"M6",,A,20-JUN-12,01-MAY-12,31-MAY-12,,9867.57,218634.66,228502.23,227770.6,731.63,0,1090493.96,986453.64,925907.85,954903.64,100000,118634.66,0,0,0,118634.66,0,0,0,0,0,0,0,0,0,218634.66,227770.6,0,0,0,0,0,0,0,0,0,0,0,227770.6,0,0,100000,925907.85,0,0,0,925907.85,0,0,0,0,0,0,0,0,0,1025907.85,954903.64,37819.33,31550,903.25,0,0,0,0,0,0,0,0,1025176.22,0,"GOODWIN, CHET S.",25-FEB-13,858309
C00496034,"RICK SANTORUM FOR PRESIDENT","PO BOX 37","","VERONA","PA","15147","P20002721","SANTORUM, RICK",2012,"M4",,N,20-APR-12,01-MAR-12,31-MAR-12,P2012,2598305.03,5045101.23,7643406.26,5839305.22,1804101.04,0,1989928.86,0,20565432.19,18754831.15,0,4958176.69,0,11200,0,4969376.69,0,0,0,0,75724.54,0,0,75724.54,0,5045101.23,5828467.57,0,0,0,0,0,0,5837.65,0,0,5837.65,5000,5839305.22,0,0,0,20513845.72,0,65424.12,0,20579269.84,0,20000,0,20000,144921.54,0,0,144921.54,0,20744191.38,18899752.69,0,0,0,20000,0,20000,13837.65,0,0,13837.65,6500,18940090.34,0,"MAENZA, NADINE",20-APR-12,780310
C00496034,"RICK SANTORUM FOR PRESIDENT","PO BOX 37","","VERONA","PA","15147","P20002721","SANTORUM, RICK",2012,"M6",,N,20-JUN-12,01-MAY-12,31-MAY-12,P2012,1007321.57,454327.65,1461649.22,765327.13,696322.09,0,1943385.07,0,22220441.01,21517618.92,0,447517.01,0,1600,0,449117.01,0,0,0,0,5210.64,0,0,5210.64,0,454327.65,744158.7,0,0,0,0,0,0,21168.43,0,0,21168.43,0,765327.13,0,0,0,22199575.97,0,70840.12,0,22270416.09,0,20000,0,20000,158480.93,0,0,158480.93,0,22448897.02,21676099.85,0,0,0,20000,0,20000,48475.08,0,1500,49975.08,6500,21752574.93,0,"MAENZA, NADINE",20-JUN-12,791562
C00496034,"RICK SANTORUM FOR PRESIDENT","PO BOX 37","","VERONA","PA","15147","P20002721","SANTORUM, RICK",2012,"M3",,N,20-MAR-12,01-FEB-12,29-FEB-12,P2012,1474064.25,9000649.98,10474714.23,7876409.2,2598305.03,0,922448.32,0,15601893.15,13002088.12,0,8923993.33,0,10092,0,8934085.33,0,0,0,0,66564.65,0,0,66564.65,0,9000649.98,7854409.2,0,0,0,20000,0,20000,2000,0,0,2000,0,7876409.2,0,0,0,15555669.03,0,54224.12,0,15609893.15,0,20000,0,20000,69197,0,0,69197,0,15699090.15,13071285.12,0,0,0,20000,0,20000,8000,0,0,8000,1500,13100785.12,0,"MAENZA, NADINE",20-MAR-12,771852
C00496034,"RICK SANTORUM FOR PRESIDENT","P.O. BOX 37","","VERONA","PA","15147","P20002721","SANTORUM, RICK",2011,"Q3",,A,14-OCT-11,01-JUL-11,30-SEP-11,P2012,229114.86,682177.87,911292.73,721735.79,189556.94,0,117065.21,0,1241775.54,1072218.6,0,631195.75,0,30982.12,0,662177.87,0,20000,0,20000,0,0,0,0,0,682177.87,719235.79,0,0,0,0,0,0,2500,0,0,2500,0,721735.79,0,0,0,1213043.42,0,31232.12,0,1244275.54,0,20000,0,20000,250,0,0,250,0,1264525.54,1072468.6,0,0,0,0,0,0,2500,0,0,2500,0,1074968.6,0,"MAENZA, NADINE",31-JAN-12,763229
C00496034,"RICK SANTORUM FOR PRESIDENT","P.O. BOX 37","","VERONA","PA","15147","P20002721","SANTORUM, RICK",2011,"Q2",,A,15-JUL-11,01-APR-11,30-JUN-11,P2012,0,582347.67,582347.67,353232.81,229114.86,0,3177.52,0,582097.67,352982.81,0,581847.67,0,250,0,582097.67,0,0,0,0,250,0,0,250,0,582347.67,353232.81,0,0,0,0,0,0,0,0,0,0,0,353232.81,0,0,0,581847.67,0,250,0,582097.67,0,0,0,0,250,0,0,250,0,582347.67,353232.81,0,0,0,0,0,0,0,0,0,0,0,353232.81,0,"MAENZA, NADINE",31-JAN-12,763178
C00496034,"RICK SANTORUM FOR PRESIDENT","P.O. BOX 37","","VERONA","PA","15147","P20002721","SANTORUM, RICK",2011,"YE",,N,31-JAN-12,01-OCT-11,31-DEC-11,P2012,189556.94,920427.57,1109984.51,831049.9,278934.61,0,204836.34,0,2158703.11,1898268.5,0,915527.57,0,4900,0,920427.57,0,0,0,0,0,0,0,0,0,920427.57,826049.9,0,0,0,0,0,0,3500,0,0,3500,1500,831049.9,0,0,0,2128570.99,0,36132.12,0,2164703.11,0,20000,0,20000,250,0,0,250,0,2184953.11,1898518.5,0,0,0,0,0,0,6000,0,0,6000,1500,1906018.5,0,"MAENZA, NADINE",31-JAN-12,763255
C00496034,"RICK SANTORUM FOR PRESIDENT","PO BOX 37","","VERONA","PA","15147","P20002721","SANTORUM, RICK",2012,"Q3",,N,15-OCT-12,01-AUG-12,30-SEP-12,P2012,322444.27,251459.11,573903.38,444655.74,129247.64,0,1134033.05,0,22309750.22,22222497.66,0,45143.44,2500,0,0,47643.44,0,0,0,0,170134.56,0,0,170134.56,33681.11,251459.11,439475.74,0,0,0,0,0,0,3180,2000,0,5180,0,444655.74,0,0,0,22456482.57,2600,70840.12,0,22529922.69,0,20000,0,20000,535928.57,0,0,535928.57,48495.08,23134346.34,22758426.23,0,0,0,20000,0,20000,214672.47,2000,3500,220172.47,6500,23005098.7,0,"MAENZA, NADINE",15-OCT-12,818096
C00496034,"RICK SANTORUM FOR PRESIDENT","PO BOX 37","","VERONA","PA","15147","P20002721","SANTORUM, RICK",2012,"YE",,A,31-JAN-13,01-OCT-12,31-DEC-12,P2012,129247.64,418384.18,547631.82,421358.11,126273.71,0,732035.38,0,22313244.67,22274580.93,0,4833.32,0,0,0,4833.32,0,0,0,0,118942.45,0,0,118942.45,294608.41,418384.18,418765.11,0,0,0,0,0,0,2593,0,0,2593,0,421358.11,0,0,0,22459977.02,2600,70840.12,0,22533417.14,0,20000,0,20000,639364.1,0,0,639364.1,242574.72,23435355.96,22913945.03,0,0,0,20000,0,20000,214672.47,2000,3500,220172.47,6500,23160617.5,0,"MAENZA, NADINE",15-FEB-13,855716
C00496034,"RICK SANTORUM FOR PRESIDENT","PO BOX 37","","VERONA","PA","15147","P20002721","SANTORUM, RICK",2012,"M8",,N,20-AUG-12,01-JUL-12,31-JUL-12,P2012,329887.91,280788.17,610676.08,288231.81,322444.27,0,1517896.68,0,22267286.78,21953156.48,0,65848.55,100,0,0,65948.55,0,0,0,0,200025.65,0,0,200025.65,14813.97,280788.17,278501.81,0,0,0,0,0,0,9730,0,0,9730,0,288231.81,0,0,0,22411339.13,100,70840.12,0,22482279.25,0,20000,0,20000,365794.01,0,0,365794.01,14813.97,22882887.23,22318950.49,0,0,0,20000,0,20000,211492.47,0,3500,214992.47,6500,22560442.96,0,"MAENZA, NADINE",20-AUG-12,806246
C00496034,"RICK SANTORUM FOR PRESIDENT","P.O. BOX 37","","VERONA","PA","15147","P20002721","SANTORUM, RICK",2012,"M2",,N,20-FEB-12,01-JAN-12,31-JAN-12,P2012,278934.61,4513487.06,4792421.67,3318357.42,1474064.25,0,956701.01,0,6669807.82,5214243.57,0,4503104.71,0,8000,0,4511104.71,0,0,0,0,2382.35,0,0,2382.35,0,4513487.06,3318357.42,0,0,0,0,0,0,0,0,0,0,0,3318357.42,0,0,0,6631675.7,0,44132.12,0,6675807.82,0,20000,0,20000,2632.35,0,0,2632.35,0,6698440.17,5216875.92,0,0,0,0,0,0,6000,0,0,6000,1500,5224375.92,0,"MAENZA, NADINE",20-FEB-12,767129
C00496034,"RICK SANTORUM FOR PRESIDENT","PO BOX 37","","VERONA","PA","15147","P20002721","SANTORUM, RICK",2012,"M5",,N,20-MAY-12,01-APR-12,30-APR-12,P2012,1804101.04,1250377.99,3054479.03,2047157.46,1007321.57,0,2275457.78,0,21792492.43,20778670.86,0,1238213.24,0,3816,0,1242029.24,0,0,0,0,8348.75,0,0,8348.75,0,1250377.99,2032188.46,0,0,0,0,0,0,13469,0,1500,14969,0,2047157.46,0,0,0,21752058.96,0,69240.12,0,21821299.08,0,20000,0,20000,153270.29,0,0,153270.29,0,21994569.37,20931941.15,0,0,0,20000,0,20000,27306.65,0,1500,28806.65,6500,20987247.8,0,"MAENZA, NADINE",20-MAY-12,785670
C00496034,"RICK SANTORUM FOR PRESIDENT","PO BOX 37","","VERONA","PA","15147","P20002721","SANTORUM, RICK",2012,"M7",,N,20-JUL-12,01-JUN-12,30-JUN-12,P2012,696322.09,153202.04,849524.13,519636.22,329887.91,0,1693560.68,0,22211068.23,21874680.32,0,145914.61,0,0,0,145914.61,0,0,0,0,7287.43,0,0,7287.43,0,153202.04,364348.83,0,0,0,0,0,0,153287.39,0,2000,155287.39,0,519636.22,0,0,0,22345490.58,0,70840.12,0,22416330.7,0,20000,0,20000,165768.36,0,0,165768.36,0,22602099.06,22040448.68,0,0,0,20000,0,20000,201762.47,0,3500,205262.47,6500,22272211.15,0,"MAENZA, NADINE",20-JUL-12,800451
C00497511,"BACHMANN FOR PRESIDENT","P.O. BOX 251310","","WOODBURY","MN","55125","P20002978","BACHMANN, MICHELE",2011,"YE",,N,31-JAN-12,01-OCT-11,31-DEC-11,,1339184.1,1712152.46,3051336.56,2692611.9,358724.66,0,1055924.18,0,7243896.46,8666493.8,0,1698512.98,0,7500,0,1706012.98,0,0,0,0,5807.48,0,0,5807.48,332,1712152.46,2684454.9,0,0,0,0,0,0,8157,0,0,8157,0,2692611.9,0,0,0,7245984.46,0,7500,0,7253484.46,2000000,0,0,0,5807.48,0,0,5807.48,332,9259623.94,8672301.28,214010,0,0,0,0,0,9588,0,0,9588,5000,8900899.28,0,"WATKINS, NANCY",31-JAN-12,762366
C00497511,"BACHMANN FOR PRESIDENT","P.O. BOX 251310","","WOODBURY","MN","55125","P20002978","BACHMANN, MICHELE",2011,"Q2",,A,15-JUL-11,13-JUN-11,30-JUN-11,,0,3639723.42,3639723.42,260656.43,3379066.99,0,364119.67,0,1639723.42,243656.43,0,1639723.42,0,0,0,1639723.42,2000000,0,0,0,0,0,0,0,0,3639723.42,243656.43,17000,0,0,0,0,0,0,0,0,0,0,260656.43,0,0,0,1639723.42,0,0,0,1639723.42,2000000,0,0,0,0,0,0,0,0,3639723.42,243656.43,17000,0,0,0,0,0,0,0,0,0,0,260656.43,0,"WATKINS, NANCY",01-OCT-12,812389
C00497511,"BACHMANN FOR PRESIDENT","P.O. BOX 251310","","WOODBURY","MN","55125","P20002978","BACHMANN, MICHELE",2012,"M2",,N,21-MAR-12,01-JAN-12,25-JAN-12,,358724.66,167727.4,526452.06,360835.53,165616.53,0,1049567.39,0,7392448,9025544,0,150051.54,0,0,0,150051.54,0,0,0,0,285.33,0,0,285.33,17390.53,167727.4,359335.53,0,0,0,0,0,0,1500,0,0,1500,0,360835.53,0,0,0,7396036,0,7500,0,7403536,2000000,0,0,0,6092.81,0,0,6092.81,17722.53,9427351.34,9031636.81,214010,0,0,0,0,0,11088,0,0,11088,5000,9261734.81,0,"WATKINS, NANCY",21-MAR-12,772097
C00410118,"MICHELEBACHMANN.COM","P. O. BOX 25950","","WOODBURY","MN","551250950","P20002978","BACHMANN, MICHELE",2012,"Q1",,A,15-APR-12,01-JAN-12,25-JAN-12,,250159.07,4448.57,254607.64,8944.9,245662.74,0,0,0,858972.67,914887.61,0,3820.51,0,0,0,3820.51,0,0,0,0,628.06,0,0,628.06,0,4448.57,8944.9,0,0,0,0,0,0,0,0,0,0,0,8944.9,0,0,0,855612.67,0,6560,0,862172.67,0,0,0,0,94503.84,0,0,94503.84,1361.33,958037.84,1009391.45,2000000,0,0,0,0,0,3200,0,0,3200,0,3012591.45,0,"PUHL, DANIEL",15-APR-12,778404
C00410118,"MICHELEBACHMANN.COM","P. O. BOX 25950","","WOODBURY","MN","551250950","P20002978","BACHMANN, MICHELE",2011,"Q3",,N,15-OCT-11,01-JUL-11,30-SEP-11,,265638.57,199646.64,465285.21,258697.18,206588.03,0,0,0,849451.57,944228.67,0,194279.34,0,3060,0,197339.34,0,0,0,0,2055.64,0,0,2055.64,251.66,199646.64,258697.18,0,0,0,0,0,0,0,0,0,0,0,258697.18,0,0,0,846091.57,0,6560,0,852651.57,0,0,0,0,7828.13,0,0,7828.13,1148.78,861628.48,952056.8,2000000,0,0,0,0,0,3200,0,0,3200,0,2955256.8,0,"PUHL, DANIEL",15-OCT-11,749073
C00410118,"MICHELEBACHMANN.COM","P. O. BOX 25950","","WOODBURY","MN","551250950","P20002978","BACHMANN, MICHELE",2011,"Q2",,N,15-JUL-11,13-JUN-11,30-JUN-11,,2300216.35,661981.84,2962198.19,2696559.62,265638.57,0,0,0,652112.23,687587.13,0,651812.23,0,3500,0,655312.23,0,0,0,0,5772.49,0,0,5772.49,897.12,661981.84,693359.62,2000000,0,0,0,0,0,3200,0,0,3200,0,2696559.62,0,0,0,651812.23,0,3500,0,655312.23,0,0,0,0,5772.49,0,0,5772.49,897.12,661981.84,693359.62,2000000,0,0,0,0,0,3200,0,0,3200,0,2696559.62,0,"PUHL, DANIEL",15-JUL-11,736166
C00497511,"BACHMANN FOR PRESIDENT","P.O. BOX 251310","","WOODBURY","MN","55125","P20002978","BACHMANN, MICHELE",2011,"Q3",,A,15-OCT-11,01-JUL-11,30-SEP-11,,3379066.99,3907748.06,7286815.05,5947630.95,1339184.1,0,549604.07,0,5540118.98,5987846.38,0,3907748.06,0,0,0,3907748.06,0,0,0,0,0,0,0,0,0,3907748.06,5744189.95,197010,0,0,0,0,0,1431,0,0,1431,5000,5947630.95,0,0,0,5541549.98,0,0,0,5541549.98,2000000,0,0,0,0,0,0,0,0,7541549.98,5987846.38,214010,0,0,0,0,0,1431,0,0,1431,5000,6208287.38,0,"WATKINS, NANCY",01-OCT-12,812393
C00410118,"MICHELEBACHMANN.COM","P. O. BOX 25950","","WOODBURY","MN","551250950","P20002978","BACHMANN, MICHELE",2011,"YE",,N,31-JAN-12,01-OCT-11,31-DEC-11,,206588.03,91960.79,298548.82,48389.75,250159.07,0,0,0,855152.16,906570.77,0,5700.59,0,0,0,5700.59,0,0,0,0,86047.65,0,0,86047.65,212.55,91960.79,48389.75,0,0,0,0,0,0,0,0,0,0,0,48389.75,0,0,0,851792.16,0,6560,0,858352.16,0,0,0,0,93875.78,0,0,93875.78,1361.33,953589.27,1000446.55,2000000,0,0,0,0,0,3200,0,0,3200,0,3003646.55,0,"DATWYLER, THOMAS",31-JAN-12,762313
C00498444,"JON HUNTSMAN FOR PRESIDENT INC","13805 RESEARCH BLVD","SUITE 125","AUSTIN","TX","78750","P20003067","HUNTSMAN, JON",2012,"Q1",,N,15-APR-12,01-FEB-12,31-MAR-12,P2012,870.17,1505350.75,1506220.92,1459114.2,47106.72,2279.76,5469144.63,0,3735796.34,6958631.38,0,3867.5,0,0,0,3867.5,0,1500000,0,1500000,1483.25,0,0,1483.25,0,1505350.75,1039190.92,0,418898.28,0,0,0,0,1025,0,0,1025,0,1459114.2,0,0,0,3720309.22,750,25482.12,0,3746541.34,0,4099481.05,0,4099481.05,28529.49,0,0,28529.49,0,7874551.88,6987160.87,0,829539.29,0,0,0,0,10245,0,500,10745,0,7827445.16,0,"SATTERFIELD, DAVID",13-APR-12,778220
C00498444,"JON HUNTSMAN FOR PRESIDENT INC","13805 RESEARCH BLVD SUITE 125","","AUSTIN","TX","78750","P20003067","HUNTSMAN, JON",2011,"YE",,A,31-JAN-12,01-OCT-11,31-DEC-11,P2012,327614.5,1404236.12,1731850.62,1620885.17,110965.45,2279.76,3775774.06,0,3333677.78,5373170.06,0,1097515.16,250,3000,0,1100765.16,0,300000,0,300000,3470.96,0,0,3470.96,0,1404236.12,1494300.21,0,118364.96,0,0,0,0,7720,0,500,8220,0,1620885.17,0,0,0,3315665.66,750,25482.12,0,3341897.78,0,2549481.05,0,2549481.05,27046.24,0,0,27046.24,0,5918425.07,5400216.3,0,399023.32,0,0,0,0,7720,0,500,8220,0,5807459.62,0,"SATTERFIELD, DAVID",22-MAR-12,772167
C00498444,"JON HUNTSMAN FOR PRESIDENT INC","255 SOUTH ORANGE AVENUE","SUITE 600","ORLANDO","FL","32801","P20003067","HUNTSMAN, JON",2011,"Q3",,N,14-OCT-11,17-MAY-11,30-SEP-11,P2011,0,4514188.95,4514188.95,4186574.45,327614.5,7822.29,3145593.75,0,2241132.62,3882340.81,0,2218150.5,500,22482.12,0,2241132.62,0,2249481.05,0,2249481.05,23575.28,0,0,23575.28,0,4514188.95,3905916.09,0,280658.36,0,0,0,0,0,0,0,0,0,4186574.45,0,0,0,2218150.5,500,22482.12,0,2241132.62,0,2249481.05,0,2249481.05,23575.28,0,0,23575.28,0,4514188.95,3905916.09,0,280658.36,0,0,0,0,0,0,0,0,0,4186574.45,0,"SATTERFIELD, DAVID",14-OCT-11,748440
C00498444,"JON HUNTSMAN FOR PRESIDENT INC","5930 REPUBLIC OF TEXAS BLVD","","AUSTIN","TX","78735","P20003067","HUNTSMAN, JON",2012,"TER",,A,01-NOV-12,01-OCT-12,31-OCT-12,,1864.8,244122.58,245987.38,245987.38,0,0,0,9060679.47,3919198.42,8203143.64,0,1046.92,0,0,243075.66,244122.58,0,0,0,0,0,0,0,0,0,244122.58,248455.88,0,0,0,0,0,0,-2468.5,0,0,-2468.5,0,245987.38,0,0,0,3726497.64,750,25482.12,243075.66,3995805.42,0,5139481.05,0,5139481.05,36078.66,0,0,36078.66,2000,9173365.13,8239222.3,0,857535.83,0,0,0,0,76107,0,500,76607,0,9173365.13,0,"SATTERFIELD, DAVID",31-JAN-13,852398
C00498444,"JON HUNTSMAN FOR PRESIDENT INC","5930 REPUBLIC OF TEXAS BLVD","","AUSTIN","TX","78735","P20003067","HUNTSMAN, JON",2012,"Q2",,N,13-JUL-12,01-APR-12,30-JUN-12,,47106.72,1045407.08,1092513.8,1059534.51,32979.29,0,5374286.78,8774659.1,3668157.34,7918143.27,0,161.5,0,0,0,161.5,0,1040000,0,1040000,5245.58,0,0,5245.58,0,1045407.08,964757.47,0,26976.54,0,0,0,0,67800.5,0,0,67800.5,0,1059534.51,0,0,0,3720470.72,750,25482.12,0,3746702.84,0,5139481.05,0,5139481.05,33775.07,0,0,33775.07,0,8919958.96,7951918.34,0,856515.83,0,0,0,0,78045.5,0,500,78545.5,0,8886979.67,0,"SATTERFIELD, DAVID",13-JUL-12,797009
C00498444,"JON HUNTSMAN FOR PRESIDENT INC","5930 REPUBLIC OF TEXAS BLVD","","AUSTIN","TX","78735","P20003067","HUNTSMAN, JON",2012,"M2",,A,20-FEB-12,01-JAN-12,31-JAN-12,P2012,110965.45,450776.06,561741.51,560871.34,870.17,2279.76,5176722.7,0,3732953.84,5920923.71,0,400776.06,0,0,0,400776.06,0,50000,0,50000,0,0,0,0,0,450776.06,547753.65,0,11617.69,0,0,0,0,1500,0,0,1500,0,560871.34,0,0,0,3716441.72,750,25482.12,0,3742673.84,0,2599481.05,0,2599481.05,27046.24,0,0,27046.24,0,6369201.13,5947969.95,0,410641.01,0,0,0,0,9220,0,500,9720,0,6368330.96,0,"SATTERFIELD, DAVID",30-JUL-12,802051
C00498444,"JON HUNTSMAN FOR PRESIDENT INC","5930 REPUBLIC OF TEXAS BLVD","","AUSTIN","TX","78735","P20003067","HUNTSMAN, JON",2012,"YE",,N,08-FEB-13,01-NOV-12,31-DEC-12,,0,0,0,0,0,0,0,9060679.47,3919198.42,8203143.64,0,0,0,0,0,0,0,0,0,0,0,0,0,0,0,0,0,0,0,0,0,0,0,0,0,0,0,0,0,0,0,0,3726497.64,750,25482.12,243075.66,3995805.42,0,5139481.05,0,5139481.05,36078.66,0,0,36078.66,2000,9173365.13,8239222.3,0,857535.83,0,0,0,0,76107,0,500,76607,0,9173365.13,0,"SATTERFIELD, DAVID",31-JAN-13,855003
C00498444,"JON HUNTSMAN FOR PRESIDENT INC","5930 REPUBLIC OF TEXAS BLVD","","AUSTIN","TX","78735","P20003067","HUNTSMAN, JON",2012,"Q3",,N,15-OCT-12,01-JUL-12,30-SEP-12,,32979.29,9283.59,42262.88,40398.08,1864.8,0,5359349.54,8812223.59,3672607.34,7954687.76,0,4980,0,0,0,4980,0,0,0,0,2303.59,0,0,2303.59,2000,9283.59,38848.08,0,1020,0,0,0,0,530,0,0,530,0,40398.08,0,0,0,3725450.72,750,25482.12,0,3751682.84,0,5139481.05,0,5139481.05,36078.66,0,0,36078.66,2000,8929242.55,7990766.42,0,857535.83,0,0,0,0,78575.5,0,500,79075.5,0,8927377.75,0,"SATTERFIELD, DAVID",15-OCT-12,818838
C00498220,"MCCOTTER 2012","PO BOX 530788","","LIVONIA","MI","48153","P20003109","MCCOTTER, THADDEUS G",2011,"Q3",,A,14-OCT-11,01-JUL-11,30-SEP-11,,0,548605.57,548605.57,541531.64,7073.93,0,105367.24,540314.42,78827,540314.42,0,78577,0,250,0,78827,468561.35,0,0,0,1216.68,0,0,1216.68,.54,548605.57,541531.1,0,0,0,0,0,0,0,0,0,0,.54,541531.64,0,0,0,78577,0,250,0,78827,468561.35,0,0,0,1216.68,0,0,1216.68,.54,548605.57,541531.1,0,0,0,0,0,0,0,0,0,0,.54,541531.64,0,"MARSTON, CHRISTOPHER M",31-JAN-12,762447
C00498220,"MCCOTTER 2012","PO BOX 530788","","LIVONIA","MI","48153","P20003109","MCCOTTER, THADDEUS G",2012,"Q1",,N,02-APR-12,01-JAN-12,31-MAR-12,,927.38,659.7,1587.08,824.98,762.1,761,105636.24,545507.67,78827,545507.67,0,0,0,0,0,0,0,0,0,0,659.7,0,0,659.7,0,659.7,579.89,245.09,0,0,0,0,0,0,0,0,0,0,824.98,0,0,0,78577,0,250,0,78827,468561.35,0,0,0,3048.3,0,0,3048.3,.54,550437.19,548555.97,1118.58,0,0,0,0,0,0,0,0,0,.54,549675.09,0,"MARSTON, CHRISTOPHER M",02-APR-12,772855
C00498220,"MCCOTTER 2012","PO BOX 530788","","LIVONIA","MI","48153","P20003109","MCCOTTER, THADDEUS G",2012,"Q2",,N,05-JUL-12,01-APR-12,30-JUN-12,,762.1,0,762.1,147,615.1,761,105636.24,545654.67,78827,545654.67,0,0,0,0,0,0,0,0,0,0,0,0,0,0,0,0,147,0,0,0,0,0,0,0,0,0,0,0,147,0,0,0,78577,0,250,0,78827,468561.35,0,0,0,3048.3,0,0,3048.3,.54,550437.19,548702.97,1118.58,0,0,0,0,0,0,0,0,0,.54,549822.09,0,"MARSTON, CHRISTOPHER M",05-JUL-12,793308
C00498220,"MCCOTTER 2012","PO BOX 530788","","LIVONIA","MI","48153","P20003109","MCCOTTER, THADDEUS G",2012,"Q3",,N,03-OCT-12,01-JUL-12,30-SEP-12,,615.1,0,615.1,0,615.1,761,105636.24,545654.67,78827,545654.67,0,0,0,0,0,0,0,0,0,0,0,0,0,0,0,0,0,0,0,0,0,0,0,0,0,0,0,0,0,0,0,0,78577,0,250,0,78827,468561.35,0,0,0,3048.3,0,0,3048.3,.54,550437.19,548702.97,1118.58,0,0,0,0,0,0,0,0,0,.54,549822.09,0,"MARSTON, CHRISTOPHER M",03-OCT-12,812857
C00498220,"MCCOTTER 2012","PO BOX 530788","","LIVONIA","MI","48153","P20003109","MCCOTTER, THADDEUS G",2012,"YE",,N,21-JAN-13,01-OCT-12,31-DEC-12,,615.1,0,615.1,0,615.1,761,105636.24,545654.67,78827,545654.67,0,0,0,0,0,0,0,0,0,0,0,0,0,0,0,0,0,0,0,0,0,0,0,0,0,0,0,0,0,0,0,0,78577,0,250,0,78827,468561.35,0,0,0,3048.3,0,0,3048.3,.54,550437.19,548702.97,1118.58,0,0,0,0,0,0,0,0,0,.54,549822.09,0,"MARSTON, CHRISTOPHER M",21-JAN-13,848019
C00498220,"MCCOTTER 2012","PO BOX 530788","","LIVONIA","MI","48153","P20003109","MCCOTTER, THADDEUS G",2011,"YE",,N,31-JAN-12,01-OCT-11,31-DEC-11,,7073.93,1171.92,8245.85,7318.47,927.38,761,105636.24,545587.48,78827,545587.48,0,0,0,0,0,0,0,0,0,0,1171.92,0,0,1171.92,0,1171.92,6444.98,873.49,0,0,0,0,0,0,0,0,0,0,7318.47,0,0,0,78577,0,250,0,78827,468561.35,0,0,0,2388.6,0,0,2388.6,.54,549777.49,547976.08,873.49,0,0,0,0,0,0,0,0,0,.54,548850.11,0,"MARSTON, CHRISTOPHER M",31-JAN-12,762492
C00500587,"RICKPERRY.ORG INC","PO BOX 12726","","AUSTIN","TX","78711","P20003281","PERRY, RICK",2011,"Q3",,A,15-OCT-11,01-JUL-11,30-SEP-11,P2012,0,17200232.07,17200232.07,2121816.85,15078415.22,0,566795.8,0,17168589.24,2090174.02,0,17009441.24,0,182498,0,17191939.24,0,0,0,0,8292.83,0,0,8292.83,0,17200232.07,2098466.85,0,0,0,0,0,0,21850,0,1500,23350,0,2121816.85,0,0,0,17009441.24,0,182498,0,17191939.24,0,0,0,0,8292.83,0,0,8292.83,0,17200232.07,2098466.85,0,0,0,0,0,0,21850,0,1500,23350,0,2121816.85,0,"PURPURA, SALVATORE A.",04-NOV-11,751678
C00500587,"RICKPERRY.ORG INC","228 SOUTH WASHINGTON ST","SUITE 115","ALEXANDRIA","VA","22314","P20003281","PERRY, RICK",2012,"Q2",,N,13-JUL-12,01-MAY-12,30-JUN-12,,417206.91,47200.27,464407.18,51564.89,412842.29,0,0,19292401.79,19688814.79,19292401.79,0,0,0,0,0,0,0,0,0,0,39241.79,0,0,39241.79,7958.48,47200.27,44064.89,0,0,0,0,0,0,5000,0,2500,7500,0,51564.89,0,0,0,20047736.28,0,261128.63,0,20308864.91,0,0,0,0,262957.86,0,0,262957.86,16429.29,20588252.06,19555359.65,0,0,0,0,0,0,609301,0,10749.12,620050.12,0,20175409.77,0,"PURPURA, SALVATORE MR.",13-JUL-12,796269
C00500587,"RICKPERRY.ORG INC","228 SOUTH WASHINGTON ST","SUITE 115","ALEXANDRIA","VA","22314","P20003281","PERRY, RICK",2012,"M5",,N,18-MAY-12,01-APR-12,30-APR-12,,474808.14,28252.73,503060.87,85853.96,417206.91,0,14463.66,19287578.69,19696314.79,19287578.69,0,0,0,0,0,0,0,0,0,0,21676.92,0,0,21676.92,6575.81,28252.73,17528.96,0,0,0,0,0,0,65825,0,2500,68325,0,85853.96,0,0,0,20047736.28,0,261128.63,0,20308864.91,0,0,0,0,223716.07,0,0,223716.07,8470.81,20541051.79,19511294.76,0,0,0,0,0,0,604301,0,8249.12,612550.12,0,20123844.88,0,"PURPURA, SALVATORE MR.",18-MAY-12,784934
C00500587,"RICKPERRY.ORG INC","228 S WASHINGTON STREET","STE 115","ALEXANDRIA","VA","22314","P20003281","PERRY, RICK",2011,"YE",,A,30-JAN-12,01-OCT-11,31-DEC-11,,15078415.22,2909565.49,17987980.71,14226095.17,3761885.54,0,93745,16013250.32,19775135.86,16013250.32,0,2805539.49,0,74802.13,0,2880341.62,0,0,0,0,29223.87,0,0,29223.87,0,2909565.49,13952300.17,0,0,0,0,0,0,272295,0,1500,273795,0,14226095.17,0,0,0,19814980.73,0,257300.13,0,20072280.86,0,0,0,0,37516.7,0,0,37516.7,0,20109797.56,16050767.02,0,0,0,0,0,0,294145,0,3000,297145,0,16347912.02,0,"PURPURA, SALVATORE",07-JAN-13,845029
C00500587,"RICKPERRY.ORG INC","228 SOUTH WASHINGTON ST","SUITE 115","ALEXANDRIA","VA","22314","P20003281","PERRY, RICK",2012,"YE",,N,24-JAN-13,01-OCT-12,31-DEC-12,,401060.23,2637.21,403697.44,9184.98,394512.46,0,0,19310622.36,19706364.79,19310622.36,0,0,0,0,0,0,0,0,0,0,1069.51,0,0,1069.51,1567.7,2637.21,9184.98,0,0,0,0,0,0,-17550,0,0,-17550,17550,9184.98,0,0,0,20047736.28,0,261128.63,0,20308864.91,0,0,0,0,263909.85,0,0,263909.85,20688.89,20593463.65,19574532.21,0,0,0,0,0,0,591751,0,10749.12,602500.12,17550,20194582.33,0,"PURPURA, SALVATORE MR.",24-JAN-13,848986
C00500587,"RICKPERRY.ORG INC","PO BOX 12726","","AUSTIN","TX","78711","P20003281","PERRY, RICK",2012,"M2",,A,17-FEB-12,01-JAN-12,31-JAN-12,P2012,3761885.54,388531.47,4150417.01,3290248.81,860168.2,0,0,0,20007595.79,19147427.59,0,234630.55,0,3828.5,0,238459.05,0,0,0,0,150072.42,0,0,150072.42,0,388531.47,3284249.69,0,0,0,0,0,0,5750,0,249.12,5999.12,0,3290248.81,0,0,0,20049611.28,0,261128.63,0,20310739.91,0,0,0,0,187589.12,0,0,187589.12,0,20498329.03,19335016.71,0,0,0,0,0,0,299895,0,3249.12,303144.12,0,19638160.83,0,"PURPURA, SALVATORE A.",20-MAR-12,771626
C00500587,"RICKPERRY.ORG INC","PO BOX 12726","","AUSTIN","TX","78711","P20003281","PERRY, RICK",2012,"M3",,N,20-MAR-12,01-FEB-12,29-FEB-12,P2012,860168.2,9348.13,869516.33,194952.69,674563.64,0,14463.66,0,19889189.79,19214626.15,0,-1575,0,0,0,-1575,0,0,0,0,10923.13,0,0,10923.13,0,9348.13,78121.69,0,0,0,0,0,0,114331,0,2500,116831,0,194952.69,0,0,0,20048036.28,0,261128.63,0,20309164.91,0,0,0,0,198512.25,0,0,198512.25,0,20507677.16,19413138.4,0,0,0,0,0,0,414226,0,5749.12,419975.12,0,19833113.52,0,"PURPURA, SALVATORE A.",20-MAR-12,771576
C00500587,"RICKPERRY.ORG INC","228 SOUTH WASHINGTON ST","SUITE 115","ALEXANDRIA","VA","22314","P20003281","PERRY, RICK",2012,"Q3",,N,14-OCT-12,01-JUL-12,30-SEP-12,,412842.29,2691.88,415534.17,14473.94,401060.23,0,0,19306875.75,19688814.79,19306875.75,0,0,0,0,0,0,0,0,0,0,0,0,0,0,2691.88,2691.88,14473.94,0,0,0,0,0,0,0,0,0,0,0,14473.94,0,0,0,20047736.28,0,261128.63,0,20308864.91,0,0,0,0,262957.84,0,0,262957.84,19121.19,20590943.94,19569833.59,0,0,0,0,0,0,609301,0,10749.12,620050.12,0,20189883.71,0,"PURPURA, SALVATORE MR.",14-OCT-12,816476
C00500587,"RICKPERRY.ORG INC","228 SOUTH WASHINGTON ST","SUITE 115","ALEXANDRIA","VA","22314","P20003281","PERRY, RICK",2012,"M4",,A,18-APR-12,01-MAR-12,31-MAR-12,,674563.64,5121.9,679685.54,204877.4,474808.14,0,14463.66,19291726.65,19764639.79,19291726.65,0,-300,0,0,0,-300,0,0,0,0,3526.9,0,0,3526.9,1895,5121.9,80627.4,0,0,0,0,0,0,124250,0,0,124250,0,204877.4,0,0,0,20047736.28,0,261128.63,0,20308864.91,0,0,0,0,202039.15,0,0,202039.15,1895,20512799.06,19493765.8,0,0,0,0,0,0,538476,0,5749.12,544225.12,0,20037990.92,0,"PURPURA, SALVATORE MR.",07-JUL-12,793611
C00505800,"JILL STEIN FOR PRESIDENT","22 KENDALL ROAD","","LEXINGTON","MA","02421","P20003984","STEIN, JILL",2012,"Q1",,A,04-MAY-12,01-JAN-12,31-MAR-12,,12173.15,51708.13,63881.28,64819.49,-938.21,0,4000,74495.22,69557.01,72902.46,0,51029.89,250,325,0,51604.89,0,0,0,0,103.24,0,0,103.24,0,51708.13,63701.21,0,1118.28,0,0,0,0,0,0,0,0,0,64819.49,0,0,0,68982.01,250,325,0,69557.01,0,4000,0,4000,103.24,0,0,103.24,0,73660.25,73005.7,0,1592.76,0,0,0,0,0,0,0,0,0,74598.46,0,"PORTELLI, JOHN",21-APR-14,921951
C00505800,"JILL STEIN FOR PRESIDENT","22 KENDALL ROAD","","LEXINGTON","MA","02421","P20003984","STEIN, JILL",2012,"M6",,A,20-JUN-12,01-MAY-12,31-MAY-12,,22609.59,29549.26,52158.85,38518.42,13640.43,0,24000,128824.59,118465.02,125632.43,0,29362.51,0,150,0,29512.51,0,0,0,0,35,1.75,0,36.75,0,29549.26,37505.5,0,952.42,0,0,0,0,60.5,0,0,60.5,0,38518.42,0,0,0,117800.52,250,475,0,118525.52,0,24000,0,24000,4956.44,1.75,0,4958.19,0,147483.71,130588.87,0,3193.91,0,0,0,0,60.5,0,0,60.5,0,133843.28,0,"PORTELLI, JOHN",21-APR-14,921953
C00505800,"JILL STEIN FOR PRESIDENT","22 KENDALL ROAD","","LEXINGTON","MA","02421","P20003984","STEIN, JILL",2012,"30G",,A,06-DEC-12,18-OCT-12,26-NOV-12,G2012,-14986.63,318779.82,303793.19,166007.79,137785.4,0,53286.37,1018455.28,802871.32,992231.9,72942.09,241729.42,2300,490.4,0,244519.82,0,0,0,0,1317.91,0,0,1317.91,0,318779.82,157262.28,0,8673.97,0,0,0,0,71.54,0,0,71.54,0,166007.79,0,0,333331.22,799337.45,3002.5,1706.66,0,804046.61,0,64000,0,64000,8374.06,1.75,0,8375.81,0,1209753.64,1000605.96,0,26225.13,0,20000,0,20000,1175.29,0,0,1175.29,0,1048006.38,0,"MORAN, JAMES",21-APR-14,921959
C00505800,"JILL STEIN FOR PRESIDENT","22 KENDALL ROAD","","LEXINGTON","MA","02421","P20003984","STEIN, JILL",2012,"M9",,A,20-SEP-12,01-AUG-12,31-AUG-12,,51467.65,203903.44,255371.09,235243.81,20127.28,0,71939.83,492747.63,368874.91,481142.96,100000,103204.6,0,250,0,103454.6,0,0,0,0,448.84,0,0,448.84,0,203903.44,231285,0,3621.94,0,0,0,0,336.87,0,0,336.87,0,235243.81,0,0,100000,368025.57,500,746.71,0,369272.28,0,44000,0,44000,5948.48,1.75,0,5950.23,0,519222.51,487091.44,0,11606.42,0,0,0,0,397.37,0,0,397.37,0,499095.23,0,"ANDREWS, JOHN",21-APR-14,921956
C00505800,"JILL STEIN FOR PRESIDENT","22 KENDALL ROAD","","LEXINGTON","MA","02421","P20003984","STEIN, JILL",2012,"M5",,A,20-MAY-12,01-APR-12,30-APR-12,,-938.21,44274.2,43335.99,20726.4,22609.59,0,24000,90403.42,89013.01,88161.93,0,19456,0,0,0,19456,0,20000,0,20000,4818.2,0,0,4818.2,0,44274.2,20077.67,0,648.73,0,0,0,0,0,0,0,0,0,20726.4,0,0,0,88438.01,250,325,0,89013.01,0,24000,0,24000,4921.44,0,0,4921.44,0,117934.45,93083.37,0,2241.49,0,0,0,0,0,0,0,0,0,95324.86,0,"PORTELLI, JOHN",21-APR-14,921952
C00505800,"JILL STEIN FOR PRESIDENT","22 KENDALL ROAD","","LEXINGTON","MA","02421","P20003984","STEIN, JILL",2012,"YE",,A,31-JAN-13,27-NOV-12,31-DEC-12,,137785.4,41525.5,179310.9,37797.99,141512.91,0,43286.37,1018455.28,802871.32,992231.9,38799.22,2646.28,0,80,0,2726.28,0,0,0,0,0,0,0,0,0,41525.5,37493.36,0,54.63,0,0,0,0,250,0,0,250,0,37797.99,0,0,333331.22,799337.45,3002.5,1706.66,0,804046.61,0,64000,0,64000,8374.06,1.75,0,8375.81,0,1209753.64,1000605.96,0,26225.13,0,20000,0,20000,1175.29,0,0,1175.29,0,1048006.38,0,"MORAN, JAMES",21-APR-14,921960
C00505800,"JILL STEIN FOR PRESIDENT","22 KENDALL ROAD","","LEXINGTON","MA","02421","P20003984","STEIN, JILL",2011,"YE",,A,30-JAN-12,01-OCT-11,31-DEC-11,,0,21952.12,21952.12,9778.97,12173.15,0,4000,9778.97,17952.12,9304.49,0,17952.12,0,0,0,17952.12,0,4000,0,4000,0,0,0,0,0,21952.12,9304.49,0,474.48,0,0,0,0,0,0,0,0,0,9778.97,0,0,0,17952.12,0,0,0,17952.12,0,4000,0,4000,0,0,0,0,0,21952.12,9304.49,0,474.48,0,0,0,0,0,0,0,0,0,9778.97,0,"PORTELLI, JOHN",21-APR-14,921950
C00505800,"JILL STEIN FOR PRESIDENT","22 KENDALL ROAD","","LEXINGTON","MA","02421","P20003984","STEIN, JILL",2012,"12G",,A,24-OCT-12,01-OCT-12,17-OCT-12,G2012,15746.92,232718.97,248465.89,263452.52,-14986.63,0,101226.2,890035.53,570659.77,872108,160389.13,71562.89,0,226.35,0,71789.24,0,0,0,0,540.6,0,0,540.6,0,232718.97,261637.39,0,1758.75,0,0,0,0,56.38,0,0,56.38,0,263452.52,0,0,260389.13,569869.76,702.5,1216.26,0,571788.52,0,64000,0,64000,7056.15,1.75,0,7057.9,0,903235.55,879164.15,0,17929.28,0,20000,0,20000,1128.75,0,0,1128.75,0,918222.18,0,"MORAN, JAMES",21-APR-14,921958
C00505800,"JILL STEIN FOR PRESIDENT","22 KENDALL ROAD","","LEXINGTON","MA","02421","P20003984","STEIN, JILL",2012,"M7",,A,20-JUL-12,01-JUN-12,30-JUN-12,,13640.43,68556.88,82197.31,40392.34,41804.97,0,44000,169216.93,167021.9,164509.98,0,48556.88,0,0,0,48556.88,0,20000,0,20000,0,0,0,0,0,68556.88,38877.55,0,1514.79,0,0,0,0,0,0,0,0,0,40392.34,0,0,0,166357.4,250,475,0,167082.4,0,44000,0,44000,4956.44,1.75,0,4958.19,0,216040.59,169466.42,0,4708.7,0,0,0,0,60.5,0,0,60.5,0,174235.62,0,"ANDREWS, JOHN",21-APR-14,921954
C00505800,"JILL STEIN FOR PRESIDENT","22 KENDALL ROAD","","LEXINGTON","MA","02421","P20003984","STEIN, JILL",2012,"M10",,A,22-OCT-12,01-SEP-12,30-SEP-12,,20127.28,151294.07,171421.35,155674.43,15746.92,0,116582.7,627179.99,498926.91,611011.21,0,130281.3,202.5,243.2,0,130727,0,20000,0,20000,567.07,0,0,567.07,0,151294.07,130435.32,0,4564.11,0,20000,0,20000,675,0,0,675,0,155674.43,0,0,100000,498306.87,702.5,989.91,0,499999.28,0,64000,0,64000,6515.55,1.75,0,6517.3,0,670516.58,617526.76,0,16170.53,0,20000,0,20000,1072.37,0,0,1072.37,0,654769.66,0,"ANDREWS, JOHN",21-APR-14,921957
C00505800,"JILL STEIN FOR PRESIDENT","22 KENDALL ROAD","","LEXINGTON","MA","02421","P20003984","STEIN, JILL",2012,"M8",,A,20-AUG-12,01-JUL-12,31-JUL-12,,41804.97,99278.48,141083.45,89615.8,51467.65,0,44840,258289.53,265757.18,250306.8,0,98463.57,250,21.71,0,98735.28,0,0,0,0,543.2,0,0,543.2,0,99278.48,86340.02,0,3275.78,0,0,0,0,0,0,0,0,0,89615.8,0,0,0,264820.97,500,496.71,0,265817.68,0,44000,0,44000,5499.64,1.75,0,5501.39,0,315319.07,255806.44,0,7984.48,0,0,0,0,60.5,0,0,60.5,0,263851.42,0,"ANDREWS, JOHN",21-APR-14,921955
C00496497,"NEWT 2012","4501 NORTH FAIRFAX DR","SUITE 900","ARLINGTON","VA","22203","P60003654","GINGRICH, NEWT",2012,"M4",,N,20-APR-12,01-MAR-12,31-MAR-12,2012,1543031.76,1694908.79,3237940.55,2010937.43,1227003.12,0,4300052.65,0,22380183.09,21153778.22,0,1676805.02,0,0,0,1676805.02,0,0,0,0,18103.77,0,0,18103.77,0,1694908.79,1995776.43,0,0,0,0,0,0,15161,0,0,15161,0,2010937.43,0,0,0,22419329.03,0,72795.06,0,22492124.09,0,0,0,0,151680.73,0,0,151680.73,598.25,22644403.07,21305458.95,0,0,0,0,0,0,110441,0,1500,111941,0,21417399.95,0,"LISKER, LISA",20-APR-12,780433
C00496497,"NEWT 2012","4501 N FAIRFAX DR","SUITE 900","ARLINGTON","VA","22203","P60003654","GINGRICH, NEWT",2012,"M6",,N,20-JUN-12,01-MAY-12,31-MAY-12,2012,806950.81,495232.85,1302183.66,566468.09,735715.57,0,4736046.32,0,23469962.94,22860545.62,0,486139.76,0,5778.39,0,491918.15,0,0,0,0,2614.7,0,0,2614.7,700,495232.85,538749.28,0,0,0,0,0,0,27718.81,0,0,27718.81,0,566468.09,0,0,0,23544299.3,0,78573.45,0,23622872.75,0,0,0,0,177247.8,0,0,177247.8,126298.25,23926418.8,23037793.42,0,0,0,0,0,0,151409.81,0,1500,152909.81,0,23190703.23,0,"LISKER, LISA",20-JUN-12,791650
C00496497,"NEWT 2012","3110 MAPLE DRIVE SUITE 400","","ATLANTA","GA","30305","P60003654","GINGRICH, NEWT",2012,"M3",,N,20-MAR-12,01-FEB-12,29-FEB-12,2012,1788589.59,2629064.26,4417653.85,2874622.09,1543031.76,0,1550516.72,0,20718539.07,19176105.56,0,2609320.44,0,2045.06,0,2611365.5,0,0,0,0,17698.76,0,0,17698.76,0,2629064.26,2840007.09,0,0,0,0,0,0,33615,0,1000,34615,0,2874622.09,0,0,0,20742524.01,0,72795.06,0,20815319.07,0,0,0,0,133576.96,0,0,133576.96,598.25,20949494.28,19309682.52,0,0,0,0,0,0,95280,0,1500,96780,0,19406462.52,0,"LISKER, LISA",30-DEC-99,771995
C00496497,"NEWT 2012","4501 N. FAIRFAX DRIVE","SUITE 900","ARLINGTON","VA","22203","P60003654","GINGRICH, NEWT",2012,"Q3",,A,15-OCT-12,01-JUL-12,30-SEP-12,,60463.8,367081.37,427545.17,393394.89,34150.28,0,4915776.87,23582660.65,23264826.15,23582660.65,0,175329.89,5000,2000,0,182329.89,0,0,0,0,3037.08,0,0,3037.08,181714.4,367081.37,382235.21,0,0,0,0,0,0,11159.68,0,0,11159.68,0,393394.89,0,0,0,23851360.79,5000,81073.45,0,23937434.24,0,0,0,0,188072.79,0,0,188072.79,351984.78,24477491.81,23770733.44,0,0,0,0,0,0,665858.09,0,6750,672608.09,0,24443341.53,0,"LISKER, LISA",02-OCT-13,889653
C00496497,"NEWT 2012","3110 MAPLE DRIVE SUITE 400","","ATLANTA","GA","30305","P60003654","GINGRICH, NEWT",2011,"Q3",,A,15-OCT-11,01-JUL-11,30-SEP-11,2012,322222.16,807962.45,1130184.61,776767.9,353416.71,0,1237740.42,0,2897355.33,2544536.87,0,793864.2,0,13500,0,807364.2,0,0,0,0,0,0,0,0,598.25,807962.45,771892.9,0,0,0,0,0,0,4875,0,0,4875,0,776767.9,0,0,0,2869780.33,0,40500,0,2910280.33,0,0,0,0,0,0,0,0,598.25,2910878.58,2544536.87,0,0,0,0,0,0,12425,0,500,12925,0,2557461.87,0,"LISKER, LISA",15-OCT-11,763368
C00496497,"NEWT 2012","4501 N FAIRFAX DR","SUITE 900","ARLINGTON","VA","22203","P60003654","GINGRICH, NEWT",2012,"M7",,N,20-JUL-12,01-JUN-12,30-JUN-12,2012,735715.57,183991.64,919707.21,859243.41,60463.8,0,4858130.31,0,23093655.94,23203462.52,0,131731.6,0,500,0,132231.6,0,0,0,0,7787.91,0,0,7787.91,43972.13,183991.64,350704.81,0,0,0,0,0,0,503288.6,0,5250,508538.6,0,859243.41,0,0,0,23676030.9,0,79073.45,0,23755104.35,0,0,0,0,185035.71,0,0,185035.71,170270.38,24110410.44,23388498.23,0,0,0,0,0,0,654698.41,0,6750,661448.41,0,24049946.64,0,"LISKER, LISA",20-JUL-12,800152
C00496497,"NEWT 2012","3110 MAPLE DRIVE SUITE 400","","ATLANTA","GA","30305","P60003654","GINGRICH, NEWT",2011,"Q2",,N,15-JUL-11,01-APR-11,30-JUN-11,P2012,0,2102916.13,2102916.13,1780693.97,322222.16,0,1030627.82,0,2094866.13,1772643.97,0,2075916.13,0,27000,0,2102916.13,0,0,0,0,0,0,0,0,0,2102916.13,1772643.97,0,0,0,0,0,0,7550,0,500,8050,0,1780693.97,0,0,0,2075916.13,0,27000,0,2102916.13,0,0,0,0,0,0,0,0,0,2102916.13,1772643.97,0,0,0,0,0,0,7550,0,500,8050,0,1780693.97,0,"LISKER, LISA",15-JUL-11,736038
C00496497,"NEWT 2012","4501 N. FAIRFAX DRIVE","SUITE 900","ARLINGTON","VA","22203","P60003654","GINGRICH, NEWT",2012,"YE",,A,31-JAN-13,01-OCT-12,31-DEC-12,,34150.28,498628.65,532778.93,457214.56,75564.37,0,4863036.33,0,0,0,0,152204,0,0,0,152204,7684.51,0,0,0,18573.19,0,0,18573.19,320166.95,498628.65,454435.68,0,0,0,0,0,0,2778.88,0,0,2778.88,0,457214.56,0,0,0,23938761.24,5000,81073.45,0,24024834.69,7684.51,0,0,0,188072.79,0,0,188072.79,531332,24751923.99,23976878.08,0,0,0,0,0,0,665858.09,0,6750,672608.09,0,24649486.17,0,"LISKER, LISA",10-APR-14,915916
C00496497,"NEWT 2012","3110 MAPLE DRIVE SUITE 400","","ATLANTA","GA","30305","P60003654","GINGRICH, NEWT",2012,"M2",,N,20-FEB-12,01-JAN-12,31-JAN-12,2012,2108831.23,5587175.78,7696007.01,5907417.42,1788589.59,0,1726085.38,0,18141788.57,16353797.23,0,5517086.52,0,250,0,5517336.52,0,0,0,0,69839.26,0,0,69839.26,0,5587175.78,5883902.42,0,0,0,0,0,0,23515,0,0,23515,0,5907417.42,0,0,0,18133203.57,0,70750,0,18203953.57,0,0,0,0,115878.2,0,0,115878.2,598.25,18320430.02,16469675.43,0,0,0,0,0,0,61665,0,500,62165,0,16531840.43,0,"LISKER, LISA",20-FEB-12,767151
C00496497,"NEWT 2012","4501 N FAIRFAX DR","SUITE 900","ARLINGTON","VA","22203","P60003654","GINGRICH, NEWT",2012,"M5",,N,19-MAY-12,01-APR-12,30-APR-12,2012,1227003.12,786782.88,2013786,1206835.19,806950.81,0,4777006.32,0,23005763.6,22324411.04,0,638830.51,0,0,0,638830.51,0,0,0,0,22952.37,0,0,22952.37,125000,786782.88,1193585.19,0,0,0,0,0,0,13250,0,0,13250,0,1206835.19,0,0,0,23058159.54,0,72795.06,0,23130954.6,0,0,0,0,174633.1,0,0,174633.1,125598.25,23431185.95,22499044.14,0,0,0,0,0,0,123691,0,1500,125191,0,22624235.14,0,"LISKER, LISA",30-DEC-99,785467
C00496497,"NEWT 2012","3110 MAPLE DRIVE SUITE 400","","ATLANTA","GA","30305","P60003654","GINGRICH, NEWT",2011,"YE",,N,31-JAN-12,01-OCT-11,31-DEC-11,P2012,353416.71,9822375.66,10175792.37,8066961.14,2108831.23,0,1199360.6,0,12647967.05,10539734.07,0,9746336.72,0,30000,0,9776336.72,0,0,0,0,46038.94,0,0,46038.94,0,9822375.66,8041236.14,0,0,0,0,0,0,25725,0,0,25725,0,8066961.14,0,0,0,12616117.05,0,70500,0,12686617.05,0,0,0,0,46038.94,0,0,46038.94,598.25,12733254.24,10585773.01,0,0,0,0,0,0,38150,0,500,38650,0,10624423.01,0,"LISKER, LISA",31-JAN-12,762965
C00495820,"RON PAUL 2012 PRESIDENTIAL CAMPAIGN COMMITTEE INC. ","845 W PLANTATION DR","","CLUTE","TX","77531","P80000748","PAUL, RON",2011,"YE",,A,31-JAN-12,01-OCT-11,31-DEC-11,P2012,3668183.16,13819510.1,17487693.26,15091076.04,2396617.22,0,0,0,25421268.7,24013627.12,0,13317325.33,0,145,0,13317470.33,500000,0,0,0,246.61,0,0,246.61,1793.16,13819510.1,15049143.16,0,0,0,0,0,0,39132.88,0,0,39132.88,2800,15091076.04,0,0,0,25527166.02,0,145,0,25527311.02,1000500,0,0,0,97362.95,0,0,97362.95,1898.64,26627072.61,24110990.07,0,0,0,0,0,0,106042.32,0,0,106042.32,13423,24230455.39,0,"PYEATT, LORI",18-APR-12,779227
C00495820,"RON PAUL 2012 PRESIDENTIAL CAMPAIGN COMMITTEE INC. ","845 W PLANTATION DR","","CLUTE","TX","77531","P80000748","PAUL, RON",2012,"YE",,N,11-JAN-13,01-DEC-12,31-DEC-12,P2012,1131014.27,2488.96,1133503.23,41575.86,1091927.37,0,0,0,39618357.85,39493025.05,0,0,0,0,0,0,0,0,0,0,2299.1,0,0,2299.1,189.86,2488.96,41575.86,0,0,0,0,0,0,0,0,0,0,0,41575.86,0,0,0,39926060.42,0,2670.26,0,39928730.68,1000500,0,0,0,124869.49,0,0,124869.49,6217.57,41060317.74,39617894.54,0,0,0,0,0,0,310372.83,0,0,310372.83,40123,39968390.37,0,"PYEATT, LORI",11-JAN-13,846613
C00495820,"RON PAUL 2012 PRESIDENTIAL CAMPAIGN COMMITTEE INC. ","845 W PLANTATION DR","","CLUTE","TX","77531","P80000748","PAUL, RON",2012,"M6",,A,18-JUN-12,01-MAY-12,31-MAY-12,P2012,2464997.13,1786009.54,4251006.67,969622.43,3281384.24,0,0,0,39513024.29,37221893.42,0,1785575.56,0,0,0,1785575.56,0,0,0,0,2.48,0,0,2.48,431.5,1786009.54,967813.93,0,0,0,0,0,0,1808.5,0,0,1808.5,0,969622.43,0,0,0,39733100.5,0,2670.26,0,39735770.76,1000500,0,0,0,106980.57,0,0,106980.57,3876.37,40847127.7,37328873.99,0,0,0,0,0,0,222746.47,0,0,222746.47,14123,37565743.46,0,"PYEATT, LORI",18-JUL-12,799156
C00495820,"RON PAUL 2012 PRESIDENTIAL CAMPAIGN COMMITTEE INC. ","845 W PLANTATION DR","","CLUTE","TX","77531","P80000748","PAUL, RON",2012,"M8",,A,17-AUG-12,01-JUL-12,31-JUL-12,P2012,2838928.29,54304.78,2893233.07,396049.79,2497183.28,0,0,0,39584507.08,38076810.72,0,52100.14,0,0,0,52100.14,0,0,0,0,1816.29,0,0,1816.29,388.35,54304.78,379377.89,0,0,0,0,0,0,16671.9,0,0,16671.9,0,396049.79,0,0,0,39824352.56,0,2670.26,0,39827022.82,1000500,0,0,0,114905.94,0,0,114905.94,4609.92,40947038.68,38191716.66,0,0,0,0,0,0,242515.74,0,0,242515.74,15623,38449855.4,0,"PYEATT, LORI",17-DEC-12,842517
C00495820,"RON PAUL 2012 PRESIDENTIAL CAMPAIGN COMMITTEE INC. ","845 W PLANTATION DR","","CLUTE","TX","77531","P80000748","PAUL, RON",2012,"M12",,N,13-DEC-12,01-NOV-12,30-NOV-12,P2012,1177933.6,660.98,1178594.58,47580.31,1131014.27,0,0,0,39618357.85,39453748.29,0,0,0,0,0,0,0,0,0,0,445.23,0,0,445.23,215.75,660.98,47580.31,0,0,0,0,0,0,0,0,0,0,0,47580.31,0,0,0,39926060.42,0,2670.26,0,39928730.68,1000500,0,0,0,122570.39,0,0,122570.39,6027.71,41057828.78,39576318.68,0,0,0,0,0,0,310372.83,0,0,310372.83,40123,39926814.51,0,"PYEATT, LORI",13-DEC-12,841933
C00495820,"RON PAUL 2012 PRESIDENTIAL CAMPAIGN COMMITTEE INC. ","845 W PLANTATION DR","","CLUTE","TX","77531","P80000748","PAUL, RON",2012,"M9",,A,20-SEP-12,01-AUG-12,31-AUG-12,P2012,2497183.28,103078.98,2600262.26,588640.06,2011622.2,0,0,0,39686159.94,38649671.91,0,101707.86,0,0,0,101707.86,0,0,0,0,723.87,0,0,723.87,647.25,103078.98,573585.06,0,0,0,0,0,0,55,0,0,55,15000,588640.06,0,0,0,39926060.42,0,2670.26,0,39928730.68,1000500,0,0,0,115629.81,0,0,115629.81,5257.17,41050117.66,38765301.72,0,0,0,0,0,0,242570.74,0,0,242570.74,30623,39038495.46,0,"PYEATT, LORI",17-DEC-12,842523
C00495820,"RON PAUL 2012 PRESIDENTIAL CAMPAIGN COMMITTEE INC. ","845 W PLANTATION DR","","CLUTE","TX","77531","P80000748","PAUL, RON",2012,"M11",,N,16-NOV-12,01-OCT-12,31-OCT-12,P2012,1297853.36,2918.44,1300771.8,122838.2,1177933.6,0,0,0,39618357.85,39406613.21,0,0,0,0,0,0,0,0,0,0,2745.84,0,0,2745.84,172.6,2918.44,110740.98,0,0,0,0,0,0,2597.22,0,0,2597.22,9500,122838.2,0,0,0,39926060.42,0,2670.26,0,39928730.68,1000500,0,0,0,122125.16,0,0,122125.16,5811.96,41057167.8,39528738.37,0,0,0,0,0,0,310372.83,0,0,310372.83,40123,39879234.2,0,"PYEATT, LORI",16-NOV-12,834019
C00495820,"RON PAUL 2012 PRESIDENTIAL CAMPAIGN COMMITTEE INC. ","845 W PLANTATION DR","","CLUTE","TX","77531","P80000748","PAUL, RON",2012,"M10",,N,18-OCT-12,01-SEP-12,30-SEP-12,P2012,2011622.2,4131.7,2015753.9,717900.54,1297853.36,0,0,0,39620955.07,39298618.07,0,0,0,0,0,0,0,0,0,0,3749.51,0,0,3749.51,382.19,4131.7,652695.67,0,0,0,0,0,0,65204.87,0,0,65204.87,0,717900.54,0,0,0,39926060.42,0,2670.26,0,39928730.68,1000500,0,0,0,119379.32,0,0,119379.32,5639.36,41054249.36,39417997.39,0,0,0,0,0,0,307775.61,0,0,307775.61,30623,39756396,0,"PYEATT, LORI",18-OCT-12,820322
C00495820,"RON PAUL 2012 PRESIDENTIAL CAMPAIGN COMMITTEE INC. ","845 W PLANTATION DR","","CLUTE","TX","77531","P80000748","PAUL, RON",2012,"M7",,A,18-JUL-12,01-JUN-12,30-JUN-12,P2012,3281384.24,45606.2,3326990.44,488062.15,2838928.29,0,0,0,39549078.84,37699249.12,0,39151.92,0,0,0,39151.92,0,0,0,0,6109.08,0,0,6109.08,345.2,45606.2,483464.78,0,0,0,0,0,0,3097.37,0,0,3097.37,1500,488062.15,0,0,0,39772252.42,0,2670.26,0,39774922.68,1000500,0,0,0,113089.65,0,0,113089.65,4221.57,40892733.9,37812338.77,0,0,0,0,0,0,225843.84,0,0,225843.84,15623,38053805.61,0,"PYEATT, LORI",05-SEP-12,808694
C00495820,"RON PAUL 2012 PRESIDENTIAL CAMPAIGN COMMITTEE INC. ","845 W PLANTATION DR","","CLUTE","TX","77531","P80000748","PAUL, RON",2012,"M4",,A,20-APR-12,01-MAR-12,31-MAR-12,P2012,1367485.9,2631522.44,3999008.34,2218234.42,1780773.92,0,0,0,35748104.89,34956807.64,0,2630176.93,0,0,0,2630176.93,0,0,0,0,909.21,0,0,909.21,436.3,2631522.44,2180375.04,0,0,0,0,0,0,37859.38,0,0,37859.38,0,2218234.42,0,0,0,35902568.39,0,2670.26,0,35905238.65,1000500,0,0,0,102335.13,0,0,102335.13,3099.67,37011173.45,35059142.77,0,0,0,0,0,0,157133.76,0,0,157133.76,14123,35230399.53,0,"PYEATT, LORI",05-JUN-12,788711
C00495820,"RON PAUL 2012 PRESIDENTIAL CAMPAIGN COMMITTEE INC. ","845 W PLANTATION DR","","CLUTE","TX","77531","P80000748","PAUL, RON",2011,"Q3",,A,15-OCT-11,01-JUL-11,30-SEP-11,P2012,2959592,8270199.92,11229791.92,7561608.76,3668183.16,0,0,0,12142931.25,8964730.57,0,7672989.55,0,0,0,7672989.55,500000,0,0,0,97104.89,0,0,97104.89,105.48,8270199.92,7488846.78,0,0,0,0,0,0,62138.98,0,0,62138.98,10623,7561608.76,0,0,0,12209840.69,0,0,0,12209840.69,500500,0,0,0,97116.34,0,0,97116.34,105.48,12807562.51,9061846.91,0,0,0,0,0,0,66909.44,0,0,66909.44,10623,9139379.35,0,"PYEATT, LORI",18-APR-12,779225
C00495820,"RON PAUL 2012 PRESIDENTIAL CAMPAIGN COMMITTEE INC. ","845 W PLANTATION DR","","CLUTE","TX","77531","P80000748","PAUL, RON",2012,"M2",,A,20-FEB-12,01-JAN-12,31-JAN-12,P2012,2396617.22,4481208.66,6877825.88,5233011.28,1644814.6,0,0,0,29890283.59,29234513.81,0,4474306.65,0,2525.26,0,4476831.91,0,0,0,0,4007.57,0,0,4007.57,369.18,4481208.66,5224894.26,0,0,0,0,0,0,7817.02,0,0,7817.02,300,5233011.28,0,0,0,30001472.67,0,2670.26,0,30004142.93,1000500,0,0,0,101370.52,0,0,101370.52,2267.82,31108281.27,29335884.33,0,0,0,0,0,0,113859.34,0,0,113859.34,13723,29463466.67,0,"PYEATT, LORI",18-APR-12,779231
C00495820,"RON PAUL 2012 PRESIDENTIAL CAMPAIGN COMMITTEE INC. ","845 W PLANTATION DR","","CLUTE","TX","77531","P80000748","PAUL, RON",2012,"M3",,A,16-MAR-12,01-FEB-12,29-FEB-12,P2012,1644814.6,3271369.74,4916184.34,3548698.44,1367485.9,0,0,0,33155787.34,32777341.81,0,3270918.79,0,0,0,3270918.79,0,0,0,0,55.4,0,0,55.4,395.55,3271369.74,3542883.4,0,0,0,0,0,0,5415.04,0,0,5415.04,400,3548698.44,0,0,0,33272391.46,0,2670.26,0,33275061.72,1000500,0,0,0,101425.92,0,0,101425.92,2663.37,34379651.01,32878767.73,0,0,0,0,0,0,119274.38,0,0,119274.38,14123,33012165.11,0,"PYEATT, LORI",20-APR-12,779990
C00495820,"RON PAUL 2012 PRESIDENTIAL CAMPAIGN COMMITTEE INC. ","845 W PLANTATION DR","","CLUTE","TX","77531","P80000748","PAUL, RON",2011,"Q2",,A,15-JUL-11,14-JAN-11,30-JUN-11,P2012,0,4537362.59,4537362.59,1577770.59,2959592,0,0,0,4532080.68,1572988.68,0,4536851.14,0,0,0,4536851.14,500,0,0,0,11.45,0,0,11.45,0,4537362.59,1573000.13,0,0,0,0,0,0,4770.46,0,0,4770.46,0,1577770.59,0,0,0,4536851.14,0,0,0,4536851.14,500,0,0,0,11.45,0,0,11.45,0,4537362.59,1573000.13,0,0,0,0,0,0,4770.46,0,0,4770.46,0,1577770.59,0,"PYEATT, LORI",18-APR-12,779223
C00495820,"RON PAUL 2012 PRESIDENTIAL CAMPAIGN COMMITTEE INC. ","845 W PLANTATION DR","","CLUTE","TX","77531","P80000748","PAUL, RON",2012,"M5",,A,19-MAY-12,01-APR-12,30-APR-12,P2012,1780773.92,2049944.71,3830718.63,1365721.5,2464997.13,0,0,0,37729257.23,36254081.97,0,2044956.55,0,0,0,2044956.55,0,0,0,0,4642.96,0,0,4642.96,345.2,2049944.71,1301917.29,0,0,0,0,0,0,63804.21,0,0,63804.21,0,1365721.5,0,0,0,37947524.94,0,2670.26,0,37950195.2,1000500,0,0,0,106978.09,0,0,106978.09,3444.87,39061118.16,36361060.06,0,0,0,0,0,0,220937.97,0,0,220937.97,14123,36596121.03,0,"PYEATT, LORI",18-JUL-12,799137
C00431445,"OBAMA FOR AMERICA","PO BOX 8102","","CHICAGO","IL","60680","P80003338","OBAMA, BARACK",2012,"M3",,A,20-MAR-12,01-FEB-12,29-FEB-12,,75952129.29,21312005.41,97264134.7,12590672.44,84673462.26,0,30058.27,0,117910785.55,125254762.72,0,13873901.12,0,0,0,13873901.12,6500000,0,0,0,938104.29,0,0,938104.29,0,21312005.41,12189503.39,0,0,0,0,0,0,207544.3,0,0,207544.3,193624.75,12590672.44,0,0,0,120131424.04,0,0,0,120131424.04,41953385.8,0,0,0,10172596.9,0,0,10172596.9,445816.6,172703223.34,135427359.62,0,0,0,0,0,0,2221618.49,0,-980,2220638.49,19065378.53,156713376.64,0,"NESBITT, MARTIN H.",03-DEC-13,896754
C00431445,"OBAMA FOR AMERICA","PO BOX 8102","","CHICAGO","IL","60680","P80003338","OBAMA, BARACK",2011,"YE",,A,31-JAN-12,01-OCT-11,31-DEC-11,,61392285.98,39931063.33,101323349.31,19563336.72,81760012.59,0,3035737.49,0,95083239.55,96724820.31,0,31956550.43,0,0,0,31956550.43,7500000,0,0,0,473857.81,0,0,473857.81,655.09,39931063.33,18754146.55,0,0,0,0,0,0,439691.78,0,0,439691.78,369498.39,19563336.72,0,0,0,96911620.84,0,0,0,96911620.84,32953385.8,0,0,0,9214488.39,0,0,9214488.39,445816.6,139525311.63,105939308.7,0,0,0,0,0,0,1829361.29,0,-980,1828381.29,18681224.61,126448914.6,0,"NESBITT, MARTIN H.",02-DEC-13,896693
C00431445,"OBAMA FOR AMERICA","PO BOX 8102","","CHICAGO","IL","60680","P80003338","OBAMA, BARACK",2012,"30G",,A,06-DEC-12,18-OCT-12,26-NOV-12,G2012,93665403.45,88128041.76,181793445.21,176398533.25,5394911.96,0,6836791.62,0,540149425.53,733683895.2,0,61422645.99,0,0,0,61422645.99,26500000,0,0,0,203745.93,0,0,203745.93,1649.84,88128041.76,161432578.06,0,0,0,0,0,0,2545055.21,0,0,2545055.21,12420899.98,176398533.25,0,0,0,547490847.02,8610.28,0,5000,547504457.3,178653385.8,0,0,0,14497320.9,0,0,14497320.9,510903.35,741166067.35,717266080.73,0,0,0,0,0,0,7734003.54,0,-980,7733023.54,50418523.08,775417627.35,0,"NESBITT, MARTIN H.",30-JUN-13,876050
C00431445,"OBAMA FOR AMERICA","PO BOX 8102","","CHICAGO","IL","60680","P80003338","OBAMA, BARACK",2012,"M2",,A,17-FEB-12,01-JAN-12,31-JAN-12,,81760012.59,11865906.3,93625918.89,17673789.6,75952129.29,0,1056688.44,0,104244428.73,114003363.62,0,9345902.08,0,0,0,9345902.08,2500000,0,0,0,20004.22,0,0,20004.22,0,11865906.3,17298547.53,0,0,0,0,0,0,184712.9,0,0,184712.9,190529.17,17673789.6,0,0,0,106257522.92,0,0,0,106257522.92,35453385.8,0,0,0,9234492.61,0,0,9234492.61,445816.6,151391217.93,123237856.23,0,0,0,0,0,0,2014074.19,0,-980,2013094.19,18871753.78,144122704.2,0,"NESBITT, MARTIN H.",03-DEC-13,896750
C00431445,"OBAMA FOR AMERICA","PO BOX 8102","","CHICAGO","IL","60680","P80003338","OBAMA, BARACK",2012,"M7",,A,20-JUL-12,01-JUN-12,30-JUN-12,,109718115.12,45912739.72,155630854.84,58094115.75,97536739.09,0,2381373.5,0,223055018.34,255437845.95,0,28100041.36,1900,0,0,28101941.36,17200000,0,0,0,597841.02,0,0,597841.02,12957.34,45912739.72,57742668.76,0,0,0,0,0,0,340593.84,0,0,340593.84,10853.15,58094115.75,0,0,0,226372855.23,1900,0,0,226374755.23,79853385.8,0,0,0,11830792.18,0,0,11830792.18,486041.03,318544974.24,267268638.13,0,0,0,0,0,0,3320716.89,0,-980,3319736.89,19103475.69,289691850.71,0,"NESBITT, MARTIN H.",02-DEC-13,896900
C00431445,"OBAMA FOR AMERICA","PO BOX 8102","","CHICAGO","IL","60680","P80003338","OBAMA, BARACK",2012,"M6",,N,20-JUN-12,01-MAY-12,31-MAY-12,,115157432.79,39142855.3,154300288.09,44582172.97,109718115.12,0,1207806.97,0,195293670.82,198293018.21,0,29649061.2,0,0,0,29649061.2,8700000,0,0,0,777747.58,0,0,777747.58,16046.52,39142855.3,44317016.1,0,0,0,0,0,0,255301.95,0,0,255301.95,9854.92,44582172.97,0,0,0,198272813.87,0,0,0,198272813.87,62653385.8,0,0,0,11232951.16,0,0,11232951.16,473083.69,272632234.52,209525969.37,0,0,0,0,0,0,2980123.05,0,-980,2979143.05,19092622.54,231597734.96,0,"NESBITT, MARTIN H.",20-JUN-12,791603
C00431445,"OBAMA FOR AMERICA","PO BOX 8102","","CHICAGO","IL","60680","P80003338","OBAMA, BARACK",2011,"Q2",,A,15-JUL-11,01-APR-11,30-JUN-11,,1882794.2,46310563.59,48193357.79,11086389.95,37106967.84,0,412878.16,0,31752422.69,62013093.56,0,33233681.24,0,0,0,33233681.24,12750000,0,0,0,325979.32,0,0,325979.32,903.03,46310563.59,9110962.06,0,0,0,0,0,0,599637.38,0,0,599637.38,1375790.51,11086389.95,0,0,0,32798999.55,0,0,0,32798999.55,16453385.8,0,0,0,7814935.19,0,0,7814935.19,443303.8,57510624.34,69828028.75,0,0,0,0,0,0,1047556.86,0,-980,1046576.86,18212666.45,89087272.06,0,"NESBITT, MARTIN",02-DEC-13,896673
C00431445,"OBAMA FOR AMERICA","PO BOX 8102","","CHICAGO","IL","60680","P80003338","OBAMA, BARACK",2012,"M8",,A,20-AUG-12,01-JUL-12,31-JUL-12,,97536739.09,49167908.64,146704647.73,58956970.12,87747677.61,0,2832414.14,0,262021913.73,313480901.39,0,39361275.82,0,0,5000,39366275.82,9300000,0,0,0,491814.8,0,0,491814.8,9818.02,49167908.64,58536920.24,0,0,0,0,0,0,397330.43,0,0,397330.43,22719.45,58956970.12,0,0,0,265733981.05,0,0,5000,265738981.05,89153385.8,0,0,0,12322606.98,0,0,12322606.98,495859.05,367710832.88,325803508.37,0,0,0,0,0,0,3718047.32,0,-980,3717067.32,19126195.14,348646770.83,0,"NESBITT, MARTIN H.",02-DEC-13,896964
C00431445,"OBAMA FOR AMERICA","PO BOX 8102","","CHICAGO","IL","60680","P80003338","OBAMA, BARACK",2012,"M9",,A,20-SEP-12,01-AUG-12,31-AUG-12,,87747677.61,84758860.24,172506537.85,83731526.12,88775011.73,0,2902410.43,0,332298348.49,396208880.07,0,70726163.03,3960.28,0,0,70730123.31,13500000,0,0,0,520840.04,0,0,520840.04,7896.89,84758860.24,83246768.72,0,0,0,0,0,0,455738.55,0,0,455738.55,29018.85,83731526.12,0,0,0,336460294.08,5860.28,0,5000,336471154.36,102653385.8,0,0,0,12843447.02,0,0,12843447.02,503755.94,452471743.12,409052327.09,0,0,0,0,0,0,4173785.87,0,-980,4172805.87,19155213.99,432380346.95,0,"NESBITT, MARTIN H.",02-DEC-13,897073
C00431445,"OBAMA FOR AMERICA","PO BOX 8102","","CHICAGO","IL","60680","P80003338","OBAMA, BARACK",2012,"12G",,A,25-OCT-12,01-OCT-12,17-OCT-12,G2012,99282213.75,77254082.68,176536296.43,82870892.98,93665403.45,0,5358102.25,0,481271834.75,572455063.07,0,54476974.77,0,0,0,54476974.77,22500000,0,0,0,277107.91,0,0,277107.91,0,77254082.68,66332223.73,0,0,0,0,0,0,787957.3,0,0,787957.3,15750711.95,82870892.98,0,0,0,487290364.71,8610.28,0,5000,487303974.99,153653385.8,0,0,0,14320082.44,0,0,14320082.44,509253.51,655786696.74,586775145.51,0,0,0,0,0,0,6033120.24,0,-980,6032140.24,37997623.1,630804908.85,0,"NESBITT, MARTIN H.",02-DEC-13,897092
C00431445,"OBAMA FOR AMERICA","PO BOX 8102","","CHICAGO","IL","60680","P80003338","OBAMA, BARACK",2012,"M10",,A,19-OCT-12,01-SEP-12,30-SEP-12,,88775011.73,126060870.94,214835882.67,115553668.92,99282213.75,0,2415801.7,0,427582817.28,506399947.25,0,96353095.86,2750,0,0,96355845.86,28500000,0,0,0,1199527.51,0,0,1199527.51,5497.57,126060870.94,111390594.69,0,0,0,0,0,0,1071377.07,0,0,1071377.07,3091697.16,115553668.92,0,0,0,432813389.94,8610.28,0,5000,432827000.22,131153385.8,0,0,0,14042974.53,0,0,14042974.53,509253.51,578532614.06,520442921.78,0,0,0,0,0,0,5245162.94,0,-980,5244182.94,22246911.15,547934015.87,0,"NESBITT, MARTIN H.",02-DEC-13,897086
C00431445,"OBAMA FOR AMERICA","PO BOX 8102","","CHICAGO","IL","60680","P80003338","OBAMA, BARACK",2012,"YE",,A,31-JAN-13,27-NOV-12,31-DEC-12,,5394911.96,5761782.29,11159181.64,7857381.32,3299312.93,0,5647729.93,0,53741272.52,163225881.04,0,432947.79,0,0,0,432947.79,5250000,0,0,0,78834.5,0,0,78834.5,0,5761782.29,7050340.99,0,0,0,0,0,0,845040.33,0,0,845040.33,-38000,7857381.32,0,0,0,1655111.47,0,0,0,1655111.47,6750000,0,0,0,105341.97,0,0,105341.97,0,8510453.44,37991983.83,0,0,0,0,0,0,1689212.24,0,0,1689212.24,-38000,39643196.07,0,"NESBITT, MARTIN H.",02-DEC-13,896990
C00431445,"OBAMA FOR AMERICA","PO BOX 8102","","CHICAGO","IL","60680","P80003338","OBAMA, BARACK",2012,"M5",,A,18-MAY-12,01-APR-12,30-APR-12,,104096193.91,25705858.49,129802052.4,14644619.61,115157432.79,0,1200,0,165899911.57,154753749.69,0,21177041.53,0,0,0,21177041.53,4500000,0,0,0,17596.39,0,0,17596.39,11220.57,25705858.49,14328286.8,0,0,0,0,0,0,307818.44,0,0,307818.44,8514.37,14644619.61,0,0,0,168623752.67,0,0,0,168623752.67,53953385.8,0,0,0,10455203.58,0,0,10455203.58,457037.17,233489379.22,165208953.27,0,0,0,0,0,0,2724821.1,0,-980,2723841.1,19082767.62,187015561.99,0,"NESBITT, MARTIN H.",02-DEC-13,896848
C00431445,"OBAMA FOR AMERICA","PO BOX 8102","","CHICAGO","IL","60680","P80003338","OBAMA, BARACK",2011,"Q3",,A,14-OCT-11,01-JUL-11,30-SEP-11,,37106967.84,42083623.96,79190591.8,17798305.82,61392285.98,0,1709300.3,0,63566380.9,78444531.57,0,32156070.86,0,0,0,32156070.86,9000000,0,0,0,925695.39,0,0,925695.39,1857.71,42083623.96,17357133.4,0,0,0,0,0,0,342112.65,0,0,342112.65,99059.77,17798305.82,0,0,0,64955070.41,0,0,0,64955070.41,25453385.8,0,0,0,8740630.58,0,0,8740630.58,445161.51,99594248.3,87185162.15,0,0,0,0,0,0,1389669.51,0,-980,1388689.51,18311726.22,106885577.88,0,"NESBITT, MARTIN H.",03-JAN-12,756218
C00431445,"OBAMA FOR AMERICA","PO BOX 8102","","CHICAGO","IL","60680","P80003338","OBAMA, BARACK",2012,"M4",,A,20-APR-12,01-MAR-12,31-MAR-12,,84673462.26,35080297.39,119753759.65,15657565.74,104096193.91,0,305167.84,0,145030688.48,140443059.28,0,27315287.1,0,0,0,27315287.1,7500000,0,0,0,265010.29,0,0,265010.29,0,35080297.39,15453306.85,0,0,0,0,0,0,195384.17,0,0,195384.17,8874.72,15657565.74,0,0,0,147446711.14,0,0,0,147446711.14,49453385.8,0,0,0,10437607.19,0,0,10437607.19,445816.6,207783520.73,150880666.47,0,0,0,0,0,0,2417002.66,0,-980,2416022.66,19074253.25,172370942.38,0,"NESBITT, MARTIN H.",02-DEC-13,896852
C00431171,"ROMNEY FOR PRESIDENT, INC.","585 COMMERCIAL ST.","","BOSTON","MA","02109","P80003353","ROMNEY, MITT",2012,"M8",,A,20-AUG-12,01-JUL-12,31-JUL-12,,22505829.98,40329413.16,62835243.14,32653870.28,30181372.86,0,0,0,165963348.2,163032193.65,0,28615640.62,0,26800,0,28642440.62,11516375.7,0,0,0,170596.84,0,0,170596.84,0,40329413.16,32331057.32,0,0,0,0,0,0,322812.96,0,0,322812.96,0,32653870.28,0,0,0,166653883.26,0,842180.6,52500,167548563.86,27282869.75,0,0,0,2228012.41,0,0,2228012.41,127543.57,197186989.59,165260206.06,0,0,0,0,0,0,1581515.66,0,3700,1585215.66,173233.74,167018655.46,0,"CRATE, DARRELL",04-DEC-13,896742
C00431171,"ROMNEY FOR PRESIDENT, INC.","585 COMMERCIAL ST.","","BOSTON","MA","02109","P80003353","ROMNEY, MITT",2012,"M3",,A,20-MAR-12,01-FEB-12,29-FEB-12,P2012,7677629.02,11958248.57,19635877.59,12362525.9,7273351.69,0,0,0,73926164.64,66620411.51,0,11410593.43,0,143920.82,0,11554514.25,0,0,0,0,403734.32,0,0,403734.32,0,11958248.57,12154922.73,0,0,0,0,0,0,207603.17,0,0,207603.17,0,12362525.9,0,0,0,74183717.97,0,518850.93,52500,74755068.9,0,0,0,0,726399.68,0,0,726399.68,127543.57,75609012.15,67346811.19,0,0,0,0,0,0,826704.26,0,2200,828904.26,172983.74,68348699.19,0,"CRATE, DARRELL",20-APR-10,780124
C00431171,"ROMNEY FOR PRESIDENT, INC.","585 COMMERCIAL ST.","","BOSTON","MA","02109","P80003353","ROMNEY, MITT",2012,"12G",,A,25-OCT-12,01-OCT-12,17-OCT-12,,63148016.85,51835690.55,114983707.4,62281697.78,52702009.62,0,3000000,0,272414664.61,336238148.18,0,38093748.78,0,43708.53,0,38137457.31,12822463.42,0,0,0,875769.82,0,0,875769.82,0,51835690.55,60183896.86,0,0,0,0,2000000,2000000,97800.92,0,0,97800.92,0,62281697.78,0,0,0,273516859.75,9900,1001132.2,52500,274580391.95,113546059.89,0,20000000,20000000,5103855.2,0,0,5103855.2,139628.31,413369935.35,341342003.38,0,0,0,0,17000000,17000000,2162027.34,0,3700,2165727.34,173233.74,360680964.46,0,"CRATE, DARRELL",05-DEC-13,896758
C00431171,"ROMNEY FOR PRESIDENT, INC.","585 COMMERCIAL ST.","","BOSTON","MA","02109","P80003353","ROMNEY, MITT",2012,"M7",,A,20-JUL-12,01-JUN-12,30-JUN-12,,16999665.75,33044772.9,50044438.65,27538608.67,22505829.98,0,0,0,137643720.54,130871733.17,0,23957600.58,0,44827.65,0,24002428.23,8646004.53,0,0,0,396340.14,0,0,396340.14,0,33044772.9,27404807.76,0,0,0,0,0,0,133800.91,0,0,133800.91,0,27538608.67,0,0,0,138038242.64,0,815380.6,52500,138906123.24,15766494.05,0,0,0,2057415.57,0,0,2057415.57,127543.57,156857576.43,132929148.74,0,0,0,0,0,0,1258702.7,0,3700,1262402.7,173233.74,134364785.18,0,"CRATE, DARRELL",04-DEC-13,896735
C00431171,"ROMNEY FOR PRESIDENT, INC.","585 COMMERCIAL ST.","","BOSTON","MA","02109","P80003353","ROMNEY, MITT",2012,"M6",,A,20-JUN-12,01-MAY-12,31-MAY-12,,9211335.34,23417840.72,32629176.06,15629510.31,16999665.75,0,0,0,113775093.22,103863265.55,0,15909800.79,0,92250,0,16002050.79,7120489.52,0,0,0,295300.41,0,0,295300.41,0,23417840.72,15566010.13,0,0,0,0,0,0,63250.18,0,0,63250.18,250,15629510.31,0,0,0,114080642.06,0,770552.95,52500,114903695.01,7120489.52,0,0,0,1661075.43,0,0,1661075.43,127543.57,123812803.53,105524340.98,0,0,0,0,0,0,1124901.79,0,3700,1128601.79,173233.74,106826176.51,0,"CRATE, DARRELL",04-DEC-13,896733
C00431171,"ROMNEY FOR PRESIDENT, INC.","585 COMMERCIAL ST.","","BOSTON","MA","02109","P80003353","ROMNEY, MITT",2012,"M2",,A,20-FEB-12,01-JAN-12,31-JAN-12,,19916126.36,6537996.54,26454122.9,18776493.88,7677629.02,0,0,0,62579253.56,54869223.1,0,6421460.29,0,19932,0,6441392.29,0,0,0,0,96604.25,0,0,96604.25,0,6537996.54,18576390.07,0,0,0,0,0,0,200103.81,0,0,200103.81,0,18776493.88,0,0,0,62773124.54,0,374930.11,52500,63200554.65,0,0,0,0,322665.36,0,0,322665.36,127543.57,63650763.58,55191888.46,0,0,0,0,0,0,619101.09,0,2200,621301.09,172983.74,55986173.29,0,"CRATE, DARRELL",04-DEC-12,896728
C00431171,"ROMNEY FOR PRESIDENT, INC.","585 COMMERCIAL ST.","","BOSTON","MA","02109","P80003353","ROMNEY, MITT",2012,"YE",,A,31-JAN-13,27-NOV-12,31-DEC-12,,12921628.8,4747984.49,17669613.29,17286338.02,383275.27,0,825749,0,-106045.56,16076566.79,0,117319.67,0,22714.49,0,140034.16,0,0,0,0,2425299.16,0,0,2425299.16,2182651.17,4747984.49,14962024.2,444686.59,0,0,0,1200000,1200000,559877.56,0,30164.49,590042.05,89585.18,17286338.02,0,0,0,696900.57,0,38713.49,0,735614.06,3500496.12,0,0,0,4149347.33,0,0,4149347.33,2232380.67,10617838.18,20225914.12,444686.59,0,0,0,1500000,1500000,811495.13,0,30164.49,841659.62,89585.18,23101845.51,0,"CRATE, DARRELL",04-DEC-13,896738
C00431171,"ROMNEY FOR PRESIDENT, INC.","585 COMMERCIAL ST.","","BOSTON","MA","02109","P80003353","ROMNEY, MITT",2011,"Q2",,A,15-JUL-11,01-APR-11,30-JUN-11,,623.49,18383256.66,18383880.15,5668384.74,12715495.41,0,0,0,18549079.87,5801233.02,0,18234222.87,0,91500,0,18325722.87,0,0,0,0,57533.79,0,0,57533.79,0,18383256.66,5626787,0,0,0,0,0,0,39000,0,2500,41500,97.74,5668384.74,0,0,0,18234524.54,0,91500,52500,18378524.54,0,0,0,0,105625.21,0,0,105625.21,127543.57,18611693.32,5906858.23,0,0,0,0,0,0,-172755.33,0,2200,-170555.33,172933.74,5909236.64,0,"CRATE, DARRELL",04-DEC-13,896722
C00431171,"ROMNEY FOR PRESIDENT, INC.","585 COMMERCIAL ST.","","BOSTON","MA","02109","P80003353","ROMNEY, MITT",2012,"M5",,A,20-MAY-12,01-APR-12,30-APR-12,,10059748.14,11723689.38,21783437.52,12572102.18,9211335.34,0,0,0,97836292.61,88592555.83,0,11394395.03,0,54850,0,11449245.03,0,0,0,0,274444.35,0,0,274444.35,0,11723689.38,12455312.81,0,0,0,0,0,0,116789.37,0,0,116789.37,0,12572102.18,0,0,0,98170841.27,0,678302.95,52500,98901644.22,0,0,0,0,1365775.02,0,0,1365775.02,127543.57,100394962.81,89958330.85,0,0,0,0,0,0,1061651.61,0,3700,1065351.61,172983.74,91196666.2,0,"CRATE, DARRELL",04-DEC-13,896727
C00431171,"ROMNEY FOR PRESIDENT, INC.","585 COMMERCIAL ST.","","BOSTON","MA","02109","P80003353","ROMNEY, MITT",2011,"Q3",,A,14-OCT-11,01-JUL-11,30-SEP-11,,12715495.41,14222570.66,26938066.07,12281100.24,14656965.83,0,0,0,32477246.04,17787928.77,0,14068466.51,0,88301.13,0,14156767.64,0,0,0,0,65803.02,0,0,65803.02,0,14222570.66,12052498.77,0,0,0,0,0,0,228601.47,0,0,228601.47,0,12281100.24,0,0,0,32302991.05,0,179801.13,52500,32535292.18,0,0,0,0,171428.23,0,0,171428.23,127543.57,32834263.98,17959357,0,0,0,0,0,0,55846.14,0,2200,58046.14,172933.74,18190336.88,0,"CRATE, DARRELL",04-DEC-12,896723
C00431171,"ROMNEY FOR PRESIDENT, INC.","585 COMMERCIAL ST.","","BOSTON","MA","02109","P80003353","ROMNEY, MITT",2011,"YE",,A,31-JAN-12,01-OCT-11,31-DEC-11,,14656965.83,24278503.06,38935468.89,19019342.53,19916126.36,0,0,0,56337965.08,36389437.28,0,24048673.2,0,175196.98,0,24223870.18,0,0,0,0,54632.88,0,0,54632.88,0,24278503.06,18656141.39,0,0,0,0,0,0,363151.14,0,0,363151.14,50,19019342.53,0,0,0,56351664.25,0,354998.11,52500,56759162.36,0,0,0,0,226061.11,0,0,226061.11,127543.57,57112767.04,36615498.39,0,0,0,0,0,0,418997.28,0,2200,421197.28,172983.74,37209679.41,0,"CRATE, DARRELL",04-DEC-13,896726
C00431171,"ROMNEY FOR PRESIDENT, INC.","585 COMMERCIAL ST.","","BOSTON","MA","02109","P80003353","ROMNEY, MITT",2012,"M10",,A,20-OCT-12,01-SEP-12,30-SEP-12,,50434404.1,77733238.53,128167642.63,65019625.78,63148016.85,0,5000000,0,234375008.22,276930021.14,0,41916749.21,9900,52200,0,41978849.21,34213022.64,0,0,0,1529281.94,0,0,1529281.94,12084.74,77733238.53,54710901.81,0,0,0,0,10000000,10000000,308723.97,0,0,308723.97,0,65019625.78,0,0,0,235423110.97,9900,957423.67,52500,236442934.64,100723596.47,0,20000000,20000000,4228085.38,0,0,4228085.38,139628.31,361534244.8,281158106.52,0,0,0,0,15000000,15000000,2064226.42,0,3700,2067926.42,173233.74,298399266.68,0,"CRATE, DARRELL",04-DEC-13,896745
C00431171,"ROMNEY FOR PRESIDENT, INC.","585 COMMERCIAL ST.","","BOSTON","MA","02109","P80003353","ROMNEY, MITT",2012,"M4",,A,20-APR-12,01-MAR-12,31-MAR-12,,7273351.69,13062261.28,20335612.97,10275864.83,10059748.14,0,0,0,86503836.95,76411687.37,0,12592728.27,0,104602.02,0,12697330.29,0,0,0,0,364930.99,0,0,364930.99,0,13062261.28,10156206.85,0,0,0,0,0,0,118157.98,0,1500,119657.98,0,10275864.83,0,0,0,86776446.24,0,623452.95,52500,87452399.19,0,0,0,0,1091330.67,0,0,1091330.67,127543.57,88671273.43,77503018.04,0,0,0,0,0,0,944862.24,0,3700,948562.24,172983.74,78624564.02,0,"CRATE, DARRELL",04-DEC-12,896732
C00431171,"ROMNEY FOR PRESIDENT, INC.","585 COMMERCIAL ST.","","BOSTON","MA","02109","P80003353","ROMNEY, MITT",2012,"30G",,A,06-DEC-12,18-OCT-12,26-NOV-12,,52702009.62,65562848.76,118264858.38,105343229.58,12921628.8,0,1200000,0,301492878.7,433124050.78,0,30188933.3,237.5,102372.97,0,30291543.77,32970011.11,0,0,0,2247564.38,0,0,2247564.38,53729.5,65562848.76,102673546.23,0,0,0,0,1800000,1800000,869367.35,0,0,869367.35,316,105343229.58,0,0,0,303126212.15,10137.5,1087506.17,52500,304276355.82,143015574.88,0,20000000,20000000,5627371.41,0,0,5627371.41,143628.31,473062930.42,438751422.19,0,0,0,0,18500000,18500000,2779777.12,0,3700,2783477.12,173549.74,460208449.05,0,"CRATE, DARRELL",04-DEC-13,896785
C00431171,"ROMNEY FOR PRESIDENT, INC.","585 COMMERCIAL ST.","","BOSTON","MA","02109","P80003353","ROMNEY, MITT",2012,"M9",,A,20-SEP-12,01-AUG-12,31-AUG-12,,30181372.86,86614016.68,116795389.54,66360985.44,50434404.1,0,15000000,0,192704882.98,223748401.27,0,26852478.5,0,63043.07,0,26915521.57,39227704.08,0,20000000,20000000,470791.03,0,0,470791.03,0,86614016.68,61186998.65,0,0,0,0,5000000,5000000,173986.79,0,0,173986.79,0,66360985.44,0,0,0,193506361.76,0,905223.67,52500,194464085.43,66510573.83,0,20000000,20000000,2698803.44,0,0,2698803.44,127543.57,283801006.27,226447204.71,0,0,0,0,5000000,5000000,1755502.45,0,3700,1759202.45,173233.74,233379640.9,0,"CRATE, DARRELL",04-DEC-13,896743
